Workbook

Sheet Violation Log
A1: S.no | B1: Date | C1: Reported By | D1: Shift | E1: Event Trigger Time | F1: Transporter | G1: Vehicle No | H1: Driver Name | I1: Driver ID | J1: GA | K1: Violation | L1: Broadcast Message | M1: Mail Sent | N1: Mail Time | O1: Comments / Remark | P1: Status
A2: 1 | B2: 46082 | C2: S Prabakaran | D2: C | E2: 0.030555556 | F2: =VLOOKUP(G2,'Vehicle List'!A:C,3,0) -> Rahul Roadlines | G2: KA01AM6290 | H2: Subash Chand | I2: AGP/LNG/286 | J2: =VLOOKUP(G2,'Vehicle List'!A:D,4,0) -> Ennore | K2: Observation | L2: Not Applicable | M2: Not Applicable | N2: 0.030555556 | O2: Driver to wear the uniform in duty hours/ Informed LLP | P2: Open | S2: Fatigue | T2: Relayed | U2: Yes
A3: =A2+1 -> 2 | B3: 46082 | C3: S Prabakaran | D3: C | E3: 0.22916667 | F3: =VLOOKUP(G3,'Vehicle List'!A:C,3,0) -> Rahul Roadlines | G3: GJ16AW1575 | H3: Balak Ram Yadav | I3: AGP/LNG/295 | J3: =VLOOKUP(G3,'Vehicle List'!A:D,4,0) -> Hazira | K3: Observation | L3: Not Applicable | M3: Not Applicable | N3: 0.22916667 | O3: Driver to wear the uniform in duty hours/ Informed LLP | P3: Open | S3: Overspeed | T3: Relayed | U3: Yes
A4: =A3+1 -> 3 | B4: 46082 | C4: Karthikeyan S | D4: A | E4: 0.28819444 | F4: =VLOOKUP(G4,'Vehicle List'!A:C,3,0) -> Rahul Roadlines | G4: RJ19GH6331 | H4: Magna Ram | I4: AGP/CNG/BJJ/175 | J4: =VLOOKUP(G4,'Vehicle List'!A:D,4,0) -> BJJ | K4: Overspeed | L4: Not Applicable | M4: Yes | N4: 0.34791667 | O4: Whatsapp msg, mail sent / Informed LLP / Mailed to BJJ Team | P4: Closed | S4: Mobile Usage | T4: Relayed | U4: Yes
A5: =A4+1 -> 4 | B5: 46082 | C5: Karthikeyan S | D5: A | E5: 0.34375 | F5: =VLOOKUP(G5,'Vehicle List'!A:C,3,0) -> Kongunadu Roadlines | G5: KA01AN2568 | H5: Sakthivel | I5: AGP/CNG/KANCHI/029 | J5: =VLOOKUP(G5,'Vehicle List'!A:D,4,0) -> Vellore | K5: Observation | L5: Not Applicable | M5: Not Applicable | N5: 0.34375 | O5: Cabin camera view need to change / Informed LLP | P5: Open | S5: No Seatbelt | T5: Relayed | U5: Yes
A6: =A5+1 -> 5 | B6: 46082 | C6: Karthikeyan S | D6: A | E6: 0.34583333 | F6: =VLOOKUP(G6,'Vehicle List'!A:C,3,0) -> Kongunadu Roadlines | G6: NL01AE4802 | H6: Virendra Kumar Yadav | I6: AGP/LNG/255 | J6: =VLOOKUP(G6,'Vehicle List'!A:D,4,0) -> Ennore | K6: Observation | L6: Not Applicable | M6: Not Applicable | N6: 0.34583333 | O6: Driver to wear the uniform in duty hours/ Informed LLP | P6: Closed | S6: Yawning | T6: Relayed | U6: Yes
A7: =A6+1 -> 6 | B7: 46082 | C7: Karthikeyan S | D7: A | E7: 0.41597222 | F7: =VLOOKUP(G7,'Vehicle List'!A:C,3,0) -> Velan Gogreen Logistics Pvt Ltd | G7: TN33BY1350 | H7: V Manikandan | I7: AGP/CNG/KANCHI/152 | J7: =VLOOKUP(G7,'Vehicle List'!A:D,4,0) -> KNCP | K7: Observation | L7: Not Applicable | M7: Not Applicable | N7: 0.41597222 | O7: LH side camera angle need to change / Informed LLP | P7: Open | S7: Camera Anomaly | T7: Relayed | U7: Yes
A8: =A7+1 -> 7 | B8: 46082 | C8: Karthikeyan S | D8: A | E8: 0.36597222 | F8: =VLOOKUP(G8,'Vehicle List'!A:C,3,0) -> Anisha Logistics | G8: MP04GB5752 | H8: Rakesh Ahirwar | I8: TG/CNG/Bhopal/069 | J8: =VLOOKUP(G8,'Vehicle List'!A:D,4,0) -> Bhopal | K8: Mobile Usage | L8: Not Applicable | M8: Yes | N8: 0.44444444 | O8: Whatsapp msg, mail sent / Informed LLP / Mailed to Bhopal Team | P8: Closed | S8: Night Curfew | T8: Relayed | U8: Yes
A9: =A8+1 -> 8 | B9: 46082 | C9: Karthikeyan S | D9: A | E9: 0.47569444 | F9: =VLOOKUP(G9,'Vehicle List'!A:C,3,0) -> Rahul Roadlines | G9: KA01AM6978 | H9: Jai Prakash Tiwari | I9: AGP/LNG/249 | J9: =VLOOKUP(G9,'Vehicle List'!A:D,4,0) -> Ennore | K9: Mobile Usage | L9: Not Applicable | M9: Yes | N9: 0.48263889 | O9: Whatsapp msg, mail sent / Informed LLP / Mailed to Ennore Team | P9: Closed | S9: Observation | T9: Not Applicable | U9: Not Applicable
A10: =A9+1 -> 9 | B10: 46082 | C10: Praveen Kumar V | D10: B | E10: 0.61666667 | F10: =VLOOKUP(G10,'Vehicle List'!A:C,3,0) -> Kongunadu Roadlines | G10: TN88K3112 | H10: Yuvaraju G | I10: AGP/CNG/CTR/074 | J10: =VLOOKUP(G10,'Vehicle List'!A:D,4,0) -> Chittoor | K10: Observation | L10: Not Applicable | M10: Not Applicable | N10: 0.62222222 | O10: Driver is keeping the mobile in his pocket / Informed LLP | P10: Open | S10: Nearmiss | T10: Not Applicable | U10: Not Applicable
A11: =A10+1 -> 10 | B11: 46082 | C11: Praveen Kumar V | D11: B | E11: 0.61875 | F11: =VLOOKUP(G11,'Vehicle List'!A:C,3,0) -> Expo Trans India Limited | G11: MP04YT8793 | H11: Sundar Lowanshi | I11: TG/CNG/Bhopal/024 | J11: =VLOOKUP(G11,'Vehicle List'!A:D,4,0) -> Bhopal | K11: Observation | L11: Not Applicable | M11: Not Applicable | N11: 0.625 | O11: Driver to wear the uniform in duty hours/ Informed LLP | P11: Closed | S11: Feeling Tired | T11: Relayed | U11: Yes
A12: =A11+1 -> 11 | B12: 46082 | C12: Praveen Kumar V | D12: B | E12: 0.62569444 | F12: =VLOOKUP(G12,'Vehicle List'!A:C,3,0) -> Kongunadu Roadlines | G12: TN88J3816 | H12: Muthukaruppannan G | I12: AGP/CNG/KANCHI/229 | J12: =VLOOKUP(G12,'Vehicle List'!A:D,4,0) -> KNCP | K12: Observation | L12: Not Applicable | M12: Not Applicable | N12: 0.62916667 | O12: Driver is keeping the mobile in his pocket / Informed LLP | P12: Open | S12: Good Observation | T12: Not Applicable | U12: Yes
A13: =A12+1 -> 12 | B13: 46082 | C13: Praveen Kumar V | D13: B | E13: 0.62569444 | F13: =VLOOKUP(G13,'Vehicle List'!A:C,3,0) -> Expo Trans India Limited | G13: KA01AM6186 | H13: PREMCHAND B N | I13: AGP/CNG/KOL/029 | J13: =VLOOKUP(G13,'Vehicle List'!A:D,4,0) -> Kolar | K13: Observation | L13: Not Applicable | M13: Not Applicable | N13: 0.63194444 | O13: AI & Front camera angle need to change / Informed LLP | P13: Open | S13: Continuous driving | T13: Relayed | U13: Yes
A14: =A13+1 -> 13 | B14: 46082 | C14: Praveen Kumar V | D14: B | E14: 0.70069444 | F14: =VLOOKUP(G14,'Vehicle List'!A:C,3,0) -> Kongunadu Roadlines | G14: TN88J4061 | H14: Periyasami | I14: AGP/CNG/KANCHI/081 | J14: =VLOOKUP(G14,'Vehicle List'!A:D,4,0) -> KNCP | K14: Observation | L14: Not Applicable | M14: Not Applicable | N14: 0.70347222 | O14: AI & Rear side camera angle need to change / Informed LLP | P14: Open
A15: =A14+1 -> 14 | B15: 46082 | C15: Praveen Kumar V | D15: B | E15: 0.70138889 | F15: =VLOOKUP(G15,'Vehicle List'!A:C,3,0) -> Dhinesh Transports | G15: TN13AB8624 | H15: Selvaraj V | I15: AGP/CNG/KANCHI/089 | J15: =VLOOKUP(G15,'Vehicle List'!A:D,4,0) -> KNCP | K15: Observation | L15: Not Applicable | M15: Not Applicable | N15: 0.70486111 | O15: Driver disconnect the charging cable in mobile and then use of it /Informed LLP | P15: Closed
A16: =A15+1 -> 15 | B16: 46082 | C16: Praveen Kumar V | D16: B | E16: 0.69652778 | F16: =VLOOKUP(G16,'Vehicle List'!A:C,3,0) -> Oraya Gas India Pvt.Ltd. | G16: GJ39TA2576 | H16: Pradeep Kumar Singh | I16: AGP/LNG/588 | J16: =VLOOKUP(G16,'Vehicle List'!A:D,4,0) -> Dahej | K16: Mobile Usage | L16: Not Applicable | M16: Yes | N16: 0.71527778 | O16: Whatsapp msg, mail sent / Informed LLP / Mailed to Dahej Team | P16: Closed
A17: =A16+1 -> 16 | B17: 46082 | C17: Praveen Kumar V | D17: B | E17: 0.74861111 | F17: =VLOOKUP(G17,'Vehicle List'!A:C,3,0) -> Rahul Roadlines | G17: KA01AM6290 | H17: Subash Chand | I17: AGP/LNG/286 | J17: =VLOOKUP(G17,'Vehicle List'!A:D,4,0) -> Ennore | K17: Observation | L17: Not Applicable | M17: Not Applicable | N17: 0.75069444 | O17: LH & Cabin camera angle need to change / Informed LLP | P17: Open
A18: =A17+1 -> 17 | B18: 46082 | C18: Praveen Kumar V | D18: B | E18: 0.81180556 | F18: =VLOOKUP(G18,'Vehicle List'!A:C,3,0) -> Kongunadu Roadlines | G18: TN88J2175 | H18: Selvam J | I18: AGP/LNG/001 | J18: =VLOOKUP(G18,'Vehicle List'!A:D,4,0) -> Ennore | K18: Observation | L18: Not Applicable | M18: Not Applicable | N18: 0.81388889 | O18: AI & RH & LH camera angle need to change / Informed LLP | P18: Open
A19: =A18+1 -> 18 | B19: 46082 | C19: Praveen Kumar V | D19: B | E19: 0.80902778 | F19: =VLOOKUP(G19,'Vehicle List'!A:C,3,0) -> Rahul Roadlines | G19: KA01AM6978 | H19: Jai Prakash Tiwari | I19: AGP/LNG/249 | J19: =VLOOKUP(G19,'Vehicle List'!A:D,4,0) -> Ennore | K19: Observation | L19: Not Applicable | M19: Not Applicable | N19: 0.81597222 | O19: Driver is keeping the mobile in his pocket / Informed LLP | P19: Open
A20: =A19+1 -> 19 | B20: 46082 | C20: S Prabakaran | D20: C | E20: 0.92569444 | F20: =VLOOKUP(G20,'Vehicle List'!A:C,3,0) -> Anmol Transport | G20: PB11DK2234 | H20: lovepreet singh | I20: TG/CNG/Ludhiana/093 | J20: =VLOOKUP(G20,'Vehicle List'!A:D,4,0) -> Jalandhar | K20: Mobile Usage | L20: Not Applicable | M20: Yes | N20: 0.92569444 | O20: Whatsapp msg, mail sent / Informed LLP / Mailed to Jalandhar Team | P20: Closed
A21: =A20+1 -> 20 | B21: 46082 | C21: S Prabakaran | D21: C | E21: 0.93055556 | F21: =VLOOKUP(G21,'Vehicle List'!A:C,3,0) -> Gas Point | G21: MP09GJ0465 | H21: Sourabh Bhargav | I21: TG/CNG/Bhopal/094 | J21: =VLOOKUP(G21,'Vehicle List'!A:D,4,0) -> Bhopal | K21: Observation | L21: Not Applicable | M21: Not Applicable | N21: 0.93055556 | O21: No seat belt malfunctioning / Informed LLP | P21: Closed
A22: =A21+1 -> 21 | B22: 46082 | C22: S Prabakaran | D22: C | E22: 0.97847222 | F22: =VLOOKUP(G22,'Vehicle List'!A:C,3,0) -> Expo Trans India Limited | G22: NL01AH9067 | H22: SALMAN | I22: AGP/LNG/565 | J22: =VLOOKUP(G22,'Vehicle List'!A:D,4,0) -> Kochi | K22: Observation | L22: Not Applicable | M22: Not Applicable | N22: 0.97847222 | O22: Driver to wear the uniform in duty hours/ Informed LLP | P22: Open
A23: =A22+1 -> 22 | B23: 46083 | C23: S Prabakaran | D23: C | E23: 0.059027778 | F23: =VLOOKUP(G23,'Vehicle List'!A:C,3,0) -> Kongunadu Roadlines | G23: KA01AN2568 | H23: Sakthivel | I23: AGP/CNG/KANCHI/029 | J23: =VLOOKUP(G23,'Vehicle List'!A:D,4,0) -> Vellore | K23: Observation | L23: Not Applicable | M23: Not Applicable | N23: 0.059027778 | O23: Driver to rectify the Cabin camera View / Informed LLP | P23: Open
A24: =A23+1 -> 23 | B24: 46083 | C24: S Prabakaran | D24: C | E24: 0.088888889 | F24: =VLOOKUP(G24,'Vehicle List'!A:C,3,0) -> Kongunadu Roadlines | G24: KA01AM5032 | H24: ANOOP M.U | I24: AGP/LNG/555 | J24: =VLOOKUP(G24,'Vehicle List'!A:D,4,0) -> Kochi | K24: Observation | L24: Not Applicable | M24: Not Applicable | N24: 0.088888889 | O24: Driver to remove the object from cabin camera / Informed LLP | P24: Open
A25: =A24+1 -> 24 | B25: 46083 | C25: S Prabakaran | D25: C | E25: 0.21041667 | F25: =VLOOKUP(G25,'Vehicle List'!A:C,3,0) -> Green Planet | G25: GJ05CU1486 | H25: Rajesh Kumar | I25: AGP/LNG/170 | J25: =VLOOKUP(G25,'Vehicle List'!A:D,4,0) -> Kochi | K25: Observation | L25: Not Applicable | M25: Not Applicable | N25: 0.21041667 | O25: Driver why the vehicle has parked at near by roadside / Informed LLP | P25: Open
... A48: =A47+1 -> 47 | B48: 46084 | C48: Bhuvan VK | D48: C | E48: 0.013194444 | F48: =VLOOKUP(G48,'Vehicle List'!A:C,3,0) -> Oraya Gas India Pvt.Ltd. | G48: GJ12BX5648 | H48: SHIV NARAYAN JAISWAL | I48: AGP/LNG/594 | J48: =VLOOKUP(G48,'Vehicle List'!A:D,4,0) -> Kochi | K48: Mobile Usage | L48: Not Applicable | M48: Yes | N48: 0.10347222 | O48: Whatsapp msg, mail sent / Informed LLP / Mailed to Kochi Team | P48: Closed
A49: =A48+1 -> 48 | B49: 46084 | C49: Bhuvan VK | D49: C | E49: 0.098611111 | F49: =VLOOKUP(G49,'Vehicle List'!A:C,3,0) -> Kongunadu Roadlines | G49: TN88J2175 | H49: Selvam J | I49: AGP/LNG/001 | J49: Ennore | K49: Observation | L49: Not Applicable | M49: Not Applicable | N49: 0.098611111 | O49: AI & LH camera angle need to change / Informed LLP | P49: Open
A50: =A49+1 -> 49 | B50: 46084 | C50: Bhuvan VK | D50: C | E50: 0.11736111 | F50: =VLOOKUP(G50,'Vehicle List'!A:C,3,0) -> Kongunadu Roadlines | G50: TN88H6575 | H50: AJAY KUMAR | I50: AGP/LNG/581 | J50: =VLOOKUP(G50,'Vehicle List'!A:D,4,0) -> Kochi | K50: Observation | L50: Not Applicable | M50: Not Applicable | N50: 0.11736111 | O50: Driver to remove the object from cabin camera / Informed LLP | P50: Open
A51: =A50+1 -> 50 | B51: 46084 | C51: Bhuvan VK | D51: C | E51: 0.11875 | F51: =VLOOKUP(G51,'Vehicle List'!A:C,3,0) -> Kongunadu Roadlines | G51: NL01AF1651 | H51: PREM SINGH | I51: AGP/LNG/543 | J51: =VLOOKUP(G51,'Vehicle List'!A:D,4,0) -> Hazira | K51: Yawning | L51: Not Applicable | M51: Yes | N51: 0.18541667 | O51: Whatsapp msg, mail sent / Informed LLP / Mailed to Dahej Team | P51: Closed
A52: =A51+1 -> 51 | B52: 46084 | C52: Bhuvan VK | D52: C | E52: 0.125 | F52: =VLOOKUP(G52,'Vehicle List'!A:C,3,0) -> Rahul Roadlines | G52: NL01AH0275 | H52: Santosh Kumar Mishra | I52: AGP/LNG/252 | J52: =VLOOKUP(G52,'Vehicle List'!A:D,4,0) -> Dahej | K52: Observation | L52: Not Applicable | M52: Not Applicable | N52: 0.125 | O52: Driver doing single hand driving continuously / Informed LLP | P52: Open
A53: =A52+1 -> 52 | B53: 46084 | C53: Bhuvan VK | D53: C | E53: 0.14027778 | F53: =VLOOKUP(G53,'Vehicle List'!A:C,3,0) -> Kongunadu Roadlines | G53: TN88L9300 | H53: AJITH KUMAR S | I53: AGP/CNG/AKT/152 | J53: =VLOOKUP(G53,'Vehicle List'!A:D,4,0) -> AKT | K53: Mobile Usage | L53: Not Applicable | M53: Yes | N53: 0.17986111 | O53: Whatsapp msg, mail sent / Informed LLP / Mailed to AKT Team | P53: Closed
A54: =A53+1 -> 53 | B54: 46084 | C54: Bhuvan VK | D54: C | E54: 0.25277778 | F54: =VLOOKUP(G54,'Vehicle List'!A:C,3,0) -> Expo Trans India Limited | G54: KA01AN9662 | H54: DHAREPPA | I54: AGP/CNG/CHK/493 | J54: =VLOOKUP(G54,'Vehicle List'!A:D,4,0) -> Chittoor | K54: Observation | L54: Not Applicable | M54: Not Applicable | N54: 0.25277778 | O54: Unknown person in Co Driver seat / Informed LLP | P54: Open
A55: =A54+1 -> 54 | B55: 46084 | C55: S Prabakaran | D55: A | E55: 0.28194444 | F55: =VLOOKUP(G55,'Vehicle List'!A:C,3,0) -> Kongunadu Roadlines | G55: TN88J2175 | H55: Selvam J | I55: AGP/LNG/001 | J55: =VLOOKUP(G55,'Vehicle List'!A:D,4,0) -> Ennore | K55: Observation | L55: Not Applicable | M55: Not Applicable | N55: 0.28194444 | O55: AI & LH camera angle need to change / Informed LLP | P55: Open
A56: =A55+1 -> 55 | B56: 46084 | C56: S Prabakaran | D56: A | E56: 0.30208333 | F56: =VLOOKUP(G56,'Vehicle List'!A:C,3,0) -> Rahul Roadlines | G56: RJ19GH7141 | H56: Sahdev | I56: AGP/CNG/BJJ/033 | J56: =VLOOKUP(G56,'Vehicle List'!A:D,4,0) -> BJJ | K56: Observation | L56: Not Applicable | M56: Not Applicable | N56: 0.30208333 | O56: Vehicle has parked at roadside/ Informed LLP | P56: Closed
A57: =A56+1 -> 56 | B57: 46084 | C57: S Prabakaran | D57: A | E57: 0.31944444 | F57: =VLOOKUP(G57,'Vehicle List'!A:C,3,0) -> Anisha Logistics | G57: MP04GB5705 | H57: Lal Singh Meena | I57: TG/CNG/Bhopal/006 | J57: =VLOOKUP(G57,'Vehicle List'!A:D,4,0) -> Bhopal | K57: Observation | L57: Not Applicable | M57: Not Applicable | N57: 0.31944444 | O57: Driver to wear the uniform in duty hours/ Informed LLP | P57: Open
A58: =A57+1 -> 57 | B58: 46084 | C58: S Prabakaran | D58: A | E58: 0.35416667 | F58: =VLOOKUP(G58,'Vehicle List'!A:C,3,0) -> Expo Trans India Limited | G58: KA01AM6186 | H58: PREMCHAND B N | I58: AGP/CNG/KOL/029 | J58: =VLOOKUP(G58,'Vehicle List'!A:D,4,0) -> Kolar | K58: Observation | L58: Not Applicable | M58: Not Applicable | N58: 0.35416667 | O58: AI & Front camera angle need to change / Informed LLP | P58: Open
A59: =A58+1 -> 58 | B59: 46084 | C59: S Prabakaran | D59: A | E59: 0.38402778 | F59: =VLOOKUP(G59,'Vehicle List'!A:C,3,0) -> Kongunadu Roadlines | G59: TN88J3078 | H59: Vedhamani | I59: AGP/CNG/KANCHI/227 | J59: =VLOOKUP(G59,'Vehicle List'!A:D,4,0) -> KNCP | K59: Mobile Usage | L59: Not Applicable | M59: Yes | N59: 0.38402778 | O59: Whatsapp msg, mail sent / Informed LLP / Mailed to KNCP Team | P59: Closed
A60: =A59+1 -> 59 | B60: 46084 | C60: S Prabakaran | D60: A | E60: 0.45277778 | F60: =VLOOKUP(G60,'Vehicle List'!A:C,3,0) -> Expo Trans India Limited | G60: KA01AN9662 | H60: DHAREPPA | I60: AGP/CNG/CHK/493 | J60: =VLOOKUP(G60,'Vehicle List'!A:D,4,0) -> Chittoor | K60: Observation | L60: Not Applicable | M60: Not Applicable | N60: 0.45277778 | O60: Cabin camera angle need to change / Informed LLP | P60: Open
A61: =A60+1 -> 60 | B61: 46084 | C61: S Prabakaran | D61: A | E61: 0.47777778 | F61: =VLOOKUP(G61,'Vehicle List'!A:C,3,0) -> Velan Gogreen Logistics Pvt Ltd | G61: TN33BY1350 | H61: Manikandan V | I61: AGP/CNG/KANCHI/201 | J61: =VLOOKUP(G61,'Vehicle List'!A:D,4,0) -> KNCP | K61: Observation | L61: Not Applicable | M61: Not Applicable | N61: 0.47777778 | O61: RH side camera angle need to change / Informed LLP | P61: Open
... A424: =A423+1 -> 423 | B424: 46095 | C424: Bhuvan VK | D424: C | E424: 0.97916667 | F424: =VLOOKUP(G424,'Vehicle List'!A:C,3,0) -> Expo Trans India Limited | G424: MP04YT8662 | H424: Manish Solanki | I424: TG/CNG/Bhopal/059 | J424: =VLOOKUP(G424,'Vehicle List'!A:D,4,0) -> Bhopal | K424: Mobile Usage | L424: Not Applicable | M424: Yes | N424: 0.98472222 | O424: Whatsapp msg, mail sent / Informed LLP / Mailed to Bhopal Team | P424: Closed
A425: =A424+1 -> 424 | B425: 46096 | C425: Bhuvan VK | D425: C | E425: 0.023611111 | F425: =VLOOKUP(G425,'Vehicle List'!A:C,3,0) -> Kongunadu Roadlines | G425: NL01AE4802 | H425: ARVIND KUMAR GAUTAM | I425: AGP/LNG/314 | J425: KOCHI | K425: Mobile Usage | L425: Not Applicable | M425: Yes | N425: 0.079861111 | O425: Whatsapp msg, mail sent / Informed LLP / Mailed to Kochi Team | P425: Closed
A426: =A425+1 -> 425 | B426: 46096 | C426: Bhuvan VK | D426: C | E426: 0.038194444 | F426: =VLOOKUP(G426,'Vehicle List'!A:C,3,0) -> Expo Trans India Limited | G426: PB65BC2250 | H426: SHIV KUMAR | I426: TG/CNG/Baghpat/065 | J426: =VLOOKUP(G426,'Vehicle List'!A:D,4,0) -> Baghpat | K426: Observation | L426: Not Applicable | M426: Not Applicable | N426: 0.038194444 | O426: Remove the object from Cabin camera / Informed LLP | P426: Closed
A427: =A426+1 -> 426 | B427: 46096 | C427: Bhuvan VK | D427: C | E427: 0.040972222 | F427: =VLOOKUP(G427,'Vehicle List'!A:C,3,0) -> Sritransways Logistics | G427: KL41V0273 | H427: JOSVIN | I427: AGP/CNG/AKT/014 | J427: =VLOOKUP(G427,'Vehicle List'!A:D,4,0) -> AKT | K427: Observation | L427: Not Applicable | M427: Not Applicable | N427: 0.040972222 | O427: Unknown person in Co Driver seat / Informed LLP | P427: Open
A428: =A427+1 -> 427 | B428: 46096 | C428: Bhuvan VK | D428: C | E428: 0.14097222 | F428: Expo Trans India Limited | G428: NL01AH9065 | H428: Munna Yadav | I428: AGP/LNG/334 | J428: Dahej | K428: Observation | L428: Not Applicable | M428: Not Applicable | N428: 0.14097222 | O428: Driver he is fine or not / Informed LLP | P428: Closed
A429: =A428+1 -> 428 | B429: 46096 | C429: Bhuvan VK | D429: C | E429: 0.23680556 | F429: =VLOOKUP(G429,'Vehicle List'!A:C,3,0) -> Kongunadu Roadlines | G429: KL09AV1246 | H429: SARATH S | I429: AGP/CNG/AKT/102 | J429: =VLOOKUP(G429,'Vehicle List'!A:D,4,0) -> AKT | K429: Observation | L429: Not Applicable | M429: Not Applicable | N429: 0.23680556 | O429: Remove the object from Cabin camera / Informed LLP | P429: Open
A430: =A429+1 -> 429 | B430: 46096 | C430: Bhuvan VK | D430: C | E430: 0.23958333 | F430: =VLOOKUP(G430,'Vehicle List'!A:C,3,0) -> Kongunadu Roadlines | G430: KA01AN8716 | H430: Gaibusab Galagali | I430: AGP/CNG/BKR/79 | J430: =VLOOKUP(G430,'Vehicle List'!A:D,4,0) -> BKR | K430: Observation | L430: Not Applicable | M430: Not Applicable | N430: 0.23958333 | O430: Driver disconnect the charging cable in mobile and then use of it /Informed LLP | P430: Closed
A431: =A430+1 -> 430 | B431: 46096 | C431: Praveen Kumar V | D431: A | E431: 0.26388889 | F431: =VLOOKUP(G431,'Vehicle List'!A:C,3,0) -> Kongunadu Roadlines | G431: KA01AM4880 | H431: PRAMOD PR | I431: AGP/LNG/418 | J431: =VLOOKUP(G431,'Vehicle List'!A:D,4,0) -> Kochi | K431: Observation | L431: Not Applicable | M431: Not Applicable | N431: 0.26944444 | O431: Remove the object from Cabin camera / Informed LLP | P431: Open
A432: =A431+1 -> 431 | B432: 46096 | C432: Praveen Kumar V | D432: A | E432: 0.26388889 | F432: =VLOOKUP(G432,'Vehicle List'!A:C,3,0) -> Kongunadu Roadlines | G432: TN88L3603 | H432: SHIVAPPA B ALADAKATTI | I432: AGP/CNG/MMC/106 | J432: =VLOOKUP(G432,'Vehicle List'!A:D,4,0) -> CHK | K432: Observation | L432: Not Applicable | M432: Not Applicable | N432: 0.27083333 | O432: RH side Camera angle need to change / Informed LLP | P432: Open
A433: =A432+1 -> 432 | B433: 46096 | C433: Praveen Kumar V | D433: A | E433: 0.26527778 | F433: =VLOOKUP(G433,'Vehicle List'!A:C,3,0) -> Green Planet | G433: GJ05CU1773 | H433: Ramashis Singh | I433: AGP/LNG/259 | J433: =VLOOKUP(G433,'Vehicle List'!A:D,4,0) -> Kochi | K433: Observation | L433: Not Applicable | M433: Not Applicable | N433: 0.27222222 | O433: Remove the object from Cabin camera / Informed LLP | P433: Open
A434: =A433+1 -> 433 | B434: 46096 | C434: Praveen Kumar V | D434: A | E434: 0.26805556 | F434: =VLOOKUP(G434,'Vehicle List'!A:C,3,0) -> Expo Trans India Limited | G434: KA01AM6186 | H434: PREMCHAND B N | I434: AGP/CNG/KOL/029 | J434: =VLOOKUP(G434,'Vehicle List'!A:D,4,0) -> Kolar | K434: Observation | L434: Not Applicable | M434: Not Applicable | N434: 0.275 | O434: AI & Front camera angle need to change / Informed LLP | P434: Open
A435: =A434+1 -> 434 | B435: 46096 | C435: Praveen Kumar V | D435: A | E435: 0.29166667 | F435: =VLOOKUP(G435,'Vehicle List'!A:C,3,0) -> Rahul Roadlines | G435: TN12BR3283 | H435: Marimuthu | I435: AGP/CNG/KANCHI/125 | J435: =VLOOKUP(G435,'Vehicle List'!A:D,4,0) -> KNCP | K435: Observation | L435: Not Applicable | M435: Not Applicable | N435: 0.29583333 | O435: AI Camera angle need to change / Informed LLP | P435: Open
A436: =A435+1 -> 435 | B436: 46096 | C436: Praveen Kumar V | D436: A | E436: 0.27083333 | F436: =VLOOKUP(G436,'Vehicle List'!A:C,3,0) -> Anisha Logistics | G436: GJ27TT8395 | H436: Pinder Singh | I436: TG/CNG/Ludhiana/022 | J436: =VLOOKUP(G436,'Vehicle List'!A:D,4,0) -> Jalandhar | K436: Mobile Usage | L436: Not Applicable | M436: Yes | N436: 0.30138889 | O436: Whatsapp msg, mail sent / Informed LLP / Mailed to Jalandhar Team | P436: Closed
A437: =A436+1 -> 436 | B437: 46096 | C437: Praveen Kumar V | D437: A | E437: 0.33819444 | F437: =VLOOKUP(G437,'Vehicle List'!A:C,3,0) -> Rahul Roadlines | G437: KA01AM6977 | H437: Chandra Bhuvan Yadav | I437: AGP/LNG/212 | J437: =VLOOKUP(G437,'Vehicle List'!A:D,4,0) -> Kochi | K437: Observation | L437: Not Applicable | M437: Not Applicable | N437: 0.33958333 | O437: Driver do not drink water while driving / Informed LLP | P437: Closed
A438: =A437+1 -> 437 | B438: 46096 | C438: Praveen Kumar V | D438: A | E438: 0.33819444 | F438: =VLOOKUP(G438,'Vehicle List'!A:C,3,0) -> Rahul Roadlines | G438: RJ19GH7359 | H438: Dharmendra | I438: TG/CNG/BJJ/230 | J438: =VLOOKUP(G438,'Vehicle List'!A:D,4,0) -> BJJ | K438: Observation | L438: Not Applicable | M438: Not Applicable | N438: 0.34097222 | O438: Driver to wear the uniform in duty hours / Informed LLP | P438: Open
A439: =A438+1 -> 438 | B439: 46096 | C439: Praveen Kumar V | D439: A | E439: 0.33819444 | F439: =VLOOKUP(G439,'Vehicle List'!A:C,3,0) -> Kongunadu Roadlines | G439: TN88L3657 | H439: Iranna Bisanalli | I439: AGP/CNG/CHK/476 | J439: =VLOOKUP(G439,'Vehicle List'!A:D,4,0) -> Nellore | K439: Observation | L439: Not Applicable | M439: Not Applicable | N439: 0.34375 | O439: Driver is keeping the mobile in his pocket / Informed LLP | P439: Open
A440: =A439+1 -> 439 | B440: 46096 | C440: Praveen Kumar V | D440: A | E440: 0.34027778 | F440: =VLOOKUP(G440,'Vehicle List'!A:C,3,0) -> Oraya Gas India Pvt.Ltd. | G440: NL01AK5776 | H440: Subedar Pal | I440: AGP/LNG/467 | J440: =VLOOKUP(G440,'Vehicle List'!A:D,4,0) -> Ennore | K440: Observation | L440: Not Applicable | M440: Not Applicable | N440: 0.34791667 | O440: Driver do not drink water while driving / Informed LLP | P440: Closed
... A462: =A461+1 -> 461 | B462: 46096 | C462: Bhuvan VK | D462: B | E462: 0.78611111 | F462: =VLOOKUP(G462,'Vehicle List'!A:C,3,0) -> Anisha Logistics | G462: PB11CX5683 | H462: Surinder Singh 5683 | I462: TG/CNG/Ludhiana/005 | J462: =VLOOKUP(G462,'Vehicle List'!A:D,4,0) -> Jalandhar | K462: Observation | L462: Not Applicable | M462: Not Applicable | N462: 0.78611111 | O462: Driver is keeping the mobile in his pocket / Informed LLP | P462: Open
A463: =A462+1 -> 462 | B463: 46096 | C463: Bhuvan VK | D463: B | E463: 0.79861111 | F463: =VLOOKUP(G463,'Vehicle List'!A:C,3,0) -> Kongunadu Roadlines | G463: TN88L3657 | H463: Iranna Bisanalli | I463: AGP/CNG/CHK/476 | J463: Chittoor | K463: Observation | L463: Not Applicable | M463: Not Applicable | N463: 0.79861111 | O463: Driver is keeping the mobile in his pocket / Informed LLP | P463: Open
A464: =A463+1 -> 463 | B464: 46096 | C464: Bhuvan VK | D464: B | E464: 0.85277778 | F464: =VLOOKUP(G464,'Vehicle List'!A:C,3,0) -> Anisha Logistics | G464: MP04GB5705 | H464: Lal Singh Meena | I464: TG/CNG/Bhopal/006 | J464: =VLOOKUP(G464,'Vehicle List'!A:D,4,0) -> Bhopal | K464: Observation | L464: Not Applicable | M464: Not Applicable | N464: 0.85277778 | O464: AI Camera angle need to change / Informed LLP | P464: Open
A465: =A464+1 -> 464 | B465: 46096 | C465: Karthikeyan S | D465: C | E465: 0.92569444 | F465: =VLOOKUP(G465,'Vehicle List'!A:C,3,0) -> Rahul Roadlines | G465: KA01AS2381 | H465: BASAVARAJ N MATTUR | I465: AGP/CNG/UHS/118 | J465: =VLOOKUP(G465,'Vehicle List'!A:D,4,0) -> UHS | K465: Observation | L465: Not Applicable | M465: Not Applicable | N465: 0.92569444 | O465: Driver he is fine or not / Informed LLP | P465: Closed
A466: =A465+1 -> 465 | B466: 46096 | C466: Karthikeyan S | D466: C | E466: 0.92083333 | F466: =VLOOKUP(G466,'Vehicle List'!A:C,3,0) -> Sritransways Logistics | G466: KL41U2769 | H466: BIJU S | I466: AGP/CNG/AKT/121 | J466: =VLOOKUP(G466,'Vehicle List'!A:D,4,0) -> AKT | K466: Camera Anomaly | L466: Not Applicable | M466: Yes | N466: 0.050694444 | O466: Whatsapp msg, mail sent / Informed LLP / Mailed to AKT Team | P466: Closed
A467: =A466+1 -> 466 | B467: 46096 | C467: Karthikeyan S | D467: C | E467: 0.93194444 | F467: =VLOOKUP(G467,'Vehicle List'!A:C,3,0) -> Sritransways Logistics | G467: KL41U2898 | H467: PRAKASH SASIDHARAN | I467: AGP/CNG/AKT/038 | J467: =VLOOKUP(G467,'Vehicle List'!A:D,4,0) -> AKT | K467: Mobile Usage | L467: Not Applicable | M467: Yes | N467: 0.94236111 | O467: Whatsapp msg, mail sent / Informed LLP / Mailed to AKT Team | P467: Closed
A468: =A467+1 -> 467 | B468: 46096 | C468: Karthikeyan S | D468: C | E468: 0.97986111 | F468: =VLOOKUP(G468,'Vehicle List'!A:C,3,0) -> Chaudhary Transport | G468: HR55AG4392 | H468: Mohan Babu | I468: ID NOT CREATED | J468: =VLOOKUP(G468,'Vehicle List'!A:D,4,0) -> KNCP | K468: Fatigue | L468: Not Applicable | M468: Yes | N468: 0.086805556 | O468: Whatsapp msg, mail sent / Informed LLP / Mailed to KNCP Team | P468: Closed
A469: =A468+1 -> 468 | B469: 46096 | C469: Karthikeyan S | D469: C | E469: 0.99444444 | F469: =VLOOKUP(G469,'Vehicle List'!A:C,3,0) -> Expo Trans India Limited | G469: PB10HT5631 | H469: SUKHWINDER SINGH | I469: TG/CNG/Ludhiana/034 | J469: =VLOOKUP(G469,'Vehicle List'!A:D,4,0) -> Jalandhar | K469: Fatigue | L469: Not Applicable | M469: Yes | N469: 0.061805556 | O469: Whatsapp msg, mail sent / Informed LLP / Mailed to Jalandhar Team | P469: Closed
A470: =A469+1 -> 469 | B470: 46097 | C470: Karthikeyan S | D470: C | E470: 0.017361111 | F470: =VLOOKUP(G470,'Vehicle List'!A:C,3,0) -> Oraya Gas India Pvt.Ltd. | G470: GJ12BX5648 | H470: SHIV NARAYAN JAISWAL | I470: AGP/LNG/594 | J470: =VLOOKUP(G470,'Vehicle List'!A:D,4,0) -> Kochi | K470: Overspeed | L470: Not Applicable | M470: Yes | N470: 0.072222222 | O470: Whatsapp msg, mail sent / Informed LLP / Mailed to Kochi Team | P470: Closed
A471: =A470+1 -> 470 | B471: 46097 | C471: Karthikeyan S | D471: C | E471: 0.25208333 | F471: =VLOOKUP(G471,'Vehicle List'!A:C,3,0) -> Expo Trans India Limited | G471: KA01AM6192 | H471: Chand Basha.T | I471: AGP/ANK/CNG/5094 | J471: =VLOOKUP(G471,'Vehicle List'!A:D,4,0) -> ANK | K471: Observation | L471: Not Applicable | M471: Not Applicable | N471: 0.25208333 | O471: AI Camera angle need to change / Informed LLP | P471: Open
A472: =A471+1 -> 471 | B472: 46097 | C472: S Prabakaran | D472: A | E472: 0.27222222 | F472: =VLOOKUP(G472,'Vehicle List'!A:C,3,0) -> Rahul Roadlines | G472: TN12BR3283 | H472: Marimuthu | I472: AGP/CNG/KANCHI/125 | J472: =VLOOKUP(G472,'Vehicle List'!A:D,4,0) -> KNCP | K472: Observation | L472: Not Applicable | M472: Not Applicable | N472: 0.27222222 | O472: AI Camera angle need to change / Informed LLP | P472: Open
A473: =A472+1 -> 472 | B473: 46097 | C473: S Prabakaran | D473: A | E473: 0.28263889 | F473: =VLOOKUP(G473,'Vehicle List'!A:C,3,0) -> Rahul Roadlines | G473: KA01AM6977 | H473: Chandra Bhuvan Yadav | I473: AGP/LNG/212 | J473: =VLOOKUP(G473,'Vehicle List'!A:D,4,0) -> Kochi | K473: Observation | L473: Not Applicable | M473: Not Applicable | N473: 0.28263889 | O473: Driver to wear the uniform in duty hours / Informed LLP | P473: Open
A474: =A473+1 -> 473 | B474: 46097 | C474: S Prabakaran | D474: A | E474: 0.31388889 | F474: =VLOOKUP(G474,'Vehicle List'!A:C,3,0) -> Rahul Roadlines | G474: RJ19GH7453 | H474: Bhanwara Ram | I474: TG/CNG/BJJ/216 | J474: =VLOOKUP(G474,'Vehicle List'!A:D,4,0) -> BJJ | K474: Observation | L474: Not Applicable | M474: Not Applicable | N474: 0.31388889 | O474: AI Camera angle need to change / Informed LLP | P474: Open
A475: =A474+1 -> 474 | B475: 46097 | C475: S Prabakaran | D475: A | E475: 0.35972222 | F475: =VLOOKUP(G475,'Vehicle List'!A:C,3,0) -> Rahul Roadlines | G475: KA01AM6290 | H475: Subash Chand | I475: AGP/LNG/286 | J475: =VLOOKUP(G475,'Vehicle List'!A:D,4,0) -> Ennore | K475: Observation | L475: Not Applicable | M475: Not Applicable | N475: 0.35972222 | O475: LH & Cabin side Camera angle need to change / Informed LLP | P475: Open
... A480: =A479+1 -> 479 | B480: 46097 | C480: Bhuvan VK | D480: B | E480: 0.62361111 | F480: =VLOOKUP(G480,'Vehicle List'!A:C,3,0) -> Expo Trans India Limited | G480: MP04YT8662 | H480: Manish Solanki | I480: TG/CNG/Bhopal/059 | J480: =VLOOKUP(G480,'Vehicle List'!A:D,4,0) -> Bhopal | K480: Observation | L480: Not Applicable | M480: Not Applicable | N480: 0.62361111 | O480: Driver do not drink water while driving / Informed LLP | P480: Open
A481: =A480+1 -> 480 | B481: 46097 | C481: Bhuvan VK | D481: B | E481: 0.62916667 | F481: Expo Trans India Limited | G481: NL01AH9065 | H481: Munna Yadav | I481: AGP/LNG/334 | J481: Dahej | K481: Observation | L481: Not Applicable | M481: Not Applicable | N481: 0.62916667 | O481: Driver is keeping the mobile in his pocket / Informed LLP | P481: Closed
A482: =A481+1 -> 481 | B482: 46097 | C482: Bhuvan VK | D482: B | E482: 0.65 | F482: =VLOOKUP(G482,'Vehicle List'!A:C,3,0) -> Expo Trans India Limited | G482: AP39UG9640 | H482: Iranna Bisanalli | I482: AGP/CNG/CHK/476 | J482: =VLOOKUP(G482,'Vehicle List'!A:D,4,0) -> Chittoor | K482: Observation | L482: Not Applicable | M482: Not Applicable | N482: 0.65 | O482: Unknown person in Co Driver seat / Informed LLP | P482: Open
A483: =A482+1 -> 482 | B483: 46097 | C483: Bhuvan VK | D483: B | E483: 0.61111111 | F483: =VLOOKUP(G483,'Vehicle List'!A:C,3,0) -> Kongunadu Roadlines | G483: NL01AF1649 | H483: Dharmendra Kumar | I483: AGP/LNG/256 | J483: =VLOOKUP(G483,'Vehicle List'!A:D,4,0) -> Ennore | K483: Overspeed | L483: Not Applicable | M483: Yes | N483: 0.74097222 | O483: Whatsapp msg, mail sent / Informed LLP / Mailed to Ennore Team | P483: Closed
A484: =A483+1 -> 483 | B484: 46097 | C484: Bhuvan VK | D484: B | E484: 0.69513889 | F484: =VLOOKUP(G484,'Vehicle List'!A:C,3,0) -> Rahul Roadlines | G484: KA01AP0645 | H484: Kamalakar | I484: AGP/CNG/KV/0617 | J484: =VLOOKUP(G484,'Vehicle List'!A:D,4,0) -> KNV | K484: Observation | L484: Not Applicable | M484: Not Applicable | N484: 0.69513889 | O484: Vehicle has parked at roadside/ Informed LLP | P484: Closed
A485: =A484+1 -> 484 | B485: 46097 | C485: Bhuvan VK | D485: B | E485: 0.69652778 | F485: =VLOOKUP(G485,'Vehicle List'!A:C,3,0) -> Rahul Roadlines | G485: RJ19GH8324 | H485: Dharmendra | I485: TG/CNG/BJJ/230 | J485: =VLOOKUP(G485,'Vehicle List'!A:D,4,0) -> BJJ | K485: Observation | L485: Not Applicable | M485: Not Applicable | N485: 0.69652778 | O485: Remove the object from Cabin camera / Informed LLP | P485: Open
A486: =A485+1 -> 485 | B486: 46097 | C486: Bhuvan VK | D486: B | E486: 0.73194444 | F486: =VLOOKUP(G486,'Vehicle List'!A:C,3,0) -> Kongunadu Roadlines | G486: KA01AL6761 | H486: Ajeet Kumar Gaur | I486: AGP/LNG/601 | J486: =VLOOKUP(G486,'Vehicle List'!A:D,4,0) -> Dahej | K486: Mobile Usage | L486: Not Applicable | M486: Yes | N486: 0.77291667 | O486: Whatsapp msg, mail sent / Informed LLP / Mailed to DahejTeam | P486: Closed
A487: =A486+1 -> 486 | B487: 46097 | C487: Bhuvan VK | D487: B | E487: 0.75763889 | F487: =VLOOKUP(G487,'Vehicle List'!A:C,3,0) -> Dhinesh Transports | G487: TN13AD9466 | H487: Purushothaman | I487: AGP/CNG/KANCHI/141 | J487: =VLOOKUP(G487,'Vehicle List'!A:D,4,0) -> KNCP | K487: Observation | L487: Not Applicable | M487: Not Applicable | N487: 0.75763889 | O487: Vehicle has parked at roadside/ Informed LLP | P487: Open
A488: =A487+1 -> 487 | B488: 46097 | C488: Bhuvan VK | D488: B | E488: 0.76805556 | F488: =VLOOKUP(G488,'Vehicle List'!A:C,3,0) -> Kongunadu Roadlines | G488: TN88J3078 | H488: Vedhamani | I488: AGP/CNG/KANCHI/227 | J488: =VLOOKUP(G488,'Vehicle List'!A:D,4,0) -> KNCP | K488: Observation | L488: Not Applicable | M488: Not Applicable | N488: 0.76805556 | O488: Driver disconnect the charging cable in mobile and then use of it /Informed LLP | P488: Open
A489: =A488+1 -> 488 | B489: 46097 | C489: Bhuvan VK | D489: B | E489: 0.76388889 | F489: =VLOOKUP(G489,'Vehicle List'!A:C,3,0) -> Rahul Roadlines | G489: KA01AM6976 | H489: Murugesan P | I489: AGP/LNG/058 | J489: =VLOOKUP(G489,'Vehicle List'!A:D,4,0) -> Ennore | K489: Camera Anomaly | L489: Not Applicable | M489: Yes | N489: 0.78263889 | O489: Whatsapp msg, mail sent / Informed LLP / Mailed to Ennore Team | P489: Closed
A490: =A489+1 -> 489 | B490: 46097 | C490: Bhuvan VK | D490: B | E490: 0.85625 | F490: =VLOOKUP(G490,'Vehicle List'!A:C,3,0) -> Anisha Logistics | G490: GJ27TT8396 | H490: Beant Singh 8396 | I490: AGP/CNG/Ludhiana/111 | J490: =VLOOKUP(G490,'Vehicle List'!A:D,4,0) -> Jalandhar | K490: Observation | L490: Not Applicable | M490: Not Applicable | N490: 0.85625 | O490: Driver is keeping the mobile in his pocket / Informed LLP | P490: Open
A491: =A490+1 -> 490 | B491: 46097 | C491: Bhuvan VK | D491: B | E491: 0.88263889 | F491: =VLOOKUP(G491,'Vehicle List'!A:C,3,0) -> Anisha Logistics | G491: GJ27TT8395 | H491: Pinder Singh | I491: TG/CNG/Ludhiana/022 | J491: =VLOOKUP(G491,'Vehicle List'!A:D,4,0) -> Jalandhar | K491: Observation | L491: Not Applicable | M491: Not Applicable | N491: 0.88263889 | O491: Driver he is fine or not / Informed LLP | P491: Open
A492: =A491+1 -> 491 | B492: 46097 | C492: Karthikeyan S | D492: C | E492: 0.96944444 | F492: =VLOOKUP(G492,'Vehicle List'!A:C,3,0) -> Expo Trans India Limited | G492: KA01AM9726 | H492: JAGADISH SURVAY | I492: AGP/CNG/UHS/102 | J492: =VLOOKUP(G492,'Vehicle List'!A:D,4,0) -> UHS | K492: Observation | L492: Not Applicable | M492: Not Applicable | N492: 0.96944444 | O492: Vehicle has parked at roadside/ Informed LLP | P492: Closed
A493: =A492+1 -> 492 | B493: 46097 | C493: Karthikeyan S | D493: C | E493: 0.96944444 | F493: =VLOOKUP(G493,'Vehicle List'!A:C,3,0) -> Expo Trans India Limited | G493: MP04YT8649 | H493: Mangilal Tomar | I493: TG/CNG/Bhopal/060 | J493: =VLOOKUP(G493,'Vehicle List'!A:D,4,0) -> Bhopal | K493: Mobile Usage | L493: Not Applicable | M493: Yes | N493: 0.072222222 | O493: Whatsapp msg, mail sent / Informed LLP / Mailed to Bhopal Team | P493: Closed
... A529: =A528+1 -> 528 | B529: 46099 | C529: Bhuvan VK | D529: A | E529: 0.26736111 | F529: =VLOOKUP(G529,'Vehicle List'!A:C,3,0) -> Anisha Logistics | G529: GJ27TT8248 | H529: Darshan Singh 8248 | I529: TG/CNG/Ludhiana/029 | J529: =VLOOKUP(G529,'Vehicle List'!A:D,4,0) -> Jalandhar | K529: Observation | L529: Not Applicable | M529: Not Applicable | N529: 0.26736111 | O529: Driver he is fine or not / Informed LLP | P529: Open
A530: =A529+1 -> 529 | B530: 46099 | C530: Bhuvan VK | D530: A | E530: 0.27152778 | F530: Expo Trans India Limited | G530: NL01AH9065 | H530: Munna Yadav | I530: AGP/LNG/334 | J530: Dahej | K530: Observation | L530: Not Applicable | M530: Not Applicable | N530: 0.27152778 | O530: Driver he is fine or not / Informed LLP | P530: Closed
A531: =A530+1 -> 530 | B531: 46099 | C531: Bhuvan VK | D531: A | E531: 0.26597222 | F531: =VLOOKUP(G531,'Vehicle List'!A:C,3,0) -> Expo Trans India Limited | G531: KA01AM6187 | H531: SHARATH BABU RAO SALANKE J B | I531: AGP/CNG/MMC/143 | J531: =VLOOKUP(G531,'Vehicle List'!A:D,4,0) -> MMC | K531: Overspeed | L531: Not Applicable | M531: Yes | N531: 0.43472222 | O531: Whatsapp msg, mail sent / Informed LLP / Mailed to Vellore Team | P531: Closed
A532: =A531+1 -> 531 | B532: 46099 | C532: Bhuvan VK | D532: A | E532: 0.28125 | F532: =VLOOKUP(G532,'Vehicle List'!A:C,3,0) -> Velan Gogreen Logistics Pvt Ltd | G532: TN33BY1550 | H532: P Pandiyan | I532: AGP/CNG/KANCHI/212 | J532: =VLOOKUP(G532,'Vehicle List'!A:D,4,0) -> KNCP | K532: Observation | L532: Not Applicable | M532: Not Applicable | N532: 0.28125 | O532: Driver disconnect the charging cable in mobile and then use of it /Informed LLP | P532: Open
A533: =A532+1 -> 532 | B533: 46099 | C533: Bhuvan VK | D533: A | E533: 0.26597222 | F533: =VLOOKUP(G533,'Vehicle List'!A:C,3,0) -> Expo Trans India Limited | G533: NL01AH4140 | H533: Arvind Kumar Pal | I533: AGP/LNG/573 | J533: =VLOOKUP(G533,'Vehicle List'!A:D,4,0) -> Dahej | K533: Mobile Usage | L533: Not Applicable | M533: Yes | N533: 0.39097222 | O533: Whatsapp msg, mail sent / Informed LLP / Mailed to Dahej Team | P533: Closed
A534: =A533+1 -> 533 | B534: 46099 | C534: Bhuvan VK | D534: A | E534: 0.2625 | F534: =VLOOKUP(G534,'Vehicle List'!A:C,3,0) -> Anisha Logistics | G534: GJ27TT8255 | H534: PHUSA RAM | I534: AGP/CNG/BJJ/121 | J534: =VLOOKUP(G534,'Vehicle List'!A:D,4,0) -> BJJ | K534: Camera Anomaly | L534: Not Applicable | M534: Yes | N534: 0.39583333 | O534: Whatsapp msg, mail sent / Informed LLP / Mailed to BJJ Team | P534: Closed
A535: =A534+1 -> 534 | B535: 46099 | C535: Bhuvan VK | D535: A | E535: 0.325 | F535: =VLOOKUP(G535,'Vehicle List'!A:C,3,0) -> Expo Trans India Limited | G535: UP53HT0676 | H535: Saravanan.S | I535: AGP/CNG/VEL/015 | J535: =VLOOKUP(G535,'Vehicle List'!A:D,4,0) -> Vellore | K535: Observation | L535: Not Applicable | M535: Not Applicable | N535: 0.325 | O535: Unknown person in Co Driver seat / Informed LLP | P535: Open
A536: =A535+1 -> 535 | B536: 46099 | C536: Bhuvan VK | D536: A | E536: 0.30486111 | F536: =VLOOKUP(G536,'Vehicle List'!A:C,3,0) -> Anisha Logistics | G536: GJ27TT8255 | H536: PHUSA RAM | I536: AGP/CNG/BJJ/121 | J536: =VLOOKUP(G536,'Vehicle List'!A:D,4,0) -> BJJ | K536: Overspeed | L536: Not Applicable | M536: Yes | N536: 0.39722222 | O536: Whatsapp msg, mail sent / Informed LLP / Mailed to BJJ Team | P536: Closed
A537: =A536+1 -> 536 | B537: 46099 | C537: Bhuvan VK | D537: A | E537: 0.34930556 | F537: =VLOOKUP(G537,'Vehicle List'!A:C,3,0) -> Kongunadu Roadlines | G537: TN88H6575 | H537: SUBEESH BABU | I537: AGP/LNG/604 | J537: =VLOOKUP(G537,'Vehicle List'!A:D,4,0) -> Kochi | K537: Observation | L537: Not Applicable | M537: Not Applicable | N537: 0.34930556 | O537: Rear camera angle need to change / Informed LLP | P537: Closed
A538: =A537+1 -> 537 | B538: 46099 | C538: Bhuvan VK | D538: A | E538: 0.40625 | F538: =VLOOKUP(G538,'Vehicle List'!A:C,3,0) -> Kongunadu Roadlines | G538: TN88J4384 | H538: Manikandan J S | I538: AGP/CNG/KANCHI/218 | J538: =VLOOKUP(G538,'Vehicle List'!A:D,4,0) -> KNCP | K538: Observation | L538: Not Applicable | M538: Not Applicable | N538: 0.40625 | O538: Vehicle has parked at roadside/ Informed LLP | P538: Open
A539: =A538+1 -> 538 | B539: 46099 | C539: Bhuvan VK | D539: A | E539: 0.4625 | F539: =VLOOKUP(G539,'Vehicle List'!A:C,3,0) -> Kongunadu Roadlines | G539: KA01AM4879 | H539: Dennison Stanley | I539: AGP/LNG/412 | J539: =VLOOKUP(G539,'Vehicle List'!A:D,4,0) -> Ennore | K539: Observation | L539: Not Applicable | M539: Not Applicable | N539: 0.4625 | O539: Remove the object from front camera / Informed LLP | P539: Closed
A540: =A539+1 -> 539 | B540: 46099 | C540: Bhuvan VK | D540: A | E540: 0.50972222 | F540: =VLOOKUP(G540,'Vehicle List'!A:C,3,0) -> Expo Trans India Limited | G540: NL01AH4140 | H540: Arvind Kumar Pal | I540: AGP/LNG/573 | J540: =VLOOKUP(G540,'Vehicle List'!A:D,4,0) -> Dahej | K540: Observation | L540: Not Applicable | M540: Not Applicable | N540: 0.50972222 | O540: Driver disconnect the charging cable in mobile and then use of it /Informed LLP | P540: Open
A541: =A540+1 -> 540 | B541: 46099 | C541: Bhuvan VK | D541: A | E541: 0.51180556 | F541: =VLOOKUP(G541,'Vehicle List'!A:C,3,0) -> Sritransways Logistics | G541: KL41V9887 | H541: JOSVIN | I541: AGP/CNG/AKT/014 | J541: =VLOOKUP(G541,'Vehicle List'!A:D,4,0) -> AKT | K541: Observation | L541: Not Applicable | M541: Not Applicable | N541: 0.51180556 | O541: Unknown person in Co Driver seat / Informed LLP | P541: Open
A542: =A541+1 -> 541 | B542: 46099 | C542: Bhuvan VK | D542: A | E542: 0.53541667 | F542: =VLOOKUP(G542,'Vehicle List'!A:C,3,0) -> Oraya Gas India Pvt.Ltd. | G542: GJ12BX5648 | H542: SHIV NARAYAN JAISWAL | I542: AGP/LNG/594 | J542: =VLOOKUP(G542,'Vehicle List'!A:D,4,0) -> Kochi | K542: Observation | L542: Not Applicable | M542: Not Applicable | N542: 0.53541667 | O542: RH Camera angle need to change / Informed LLP | P542: Open

Sheet Shift Details
A1: S.No | B1: Date | C1: Shift in-charge | D1: Shift | E1: Events triggered in portal (Post filtration) | F1: Events captured through monitoring | G1: Observations | H1: Observation brief | I1: Action taken Events | J1: Pending events handover to next shift | K1: Remarks
A2: 1 | B2: 01.03.2026 | C2: Karthikeyan S | D2: A(06:00 to 14:00 hrs) | E2: 2 | F2: 1 | G2: 3 | H2: Cabin & LH side camera view need to change and Driver to wear the uniform in duty hours | I2: 3 | J2: Nil | K2: PM Alert,LMS Consolidated, Unknown Stoppage & MCV detention
A3: 1 | B3: 01.03.2026 | C3: Praveen Kumar V | D3: B(14:00 to 22:00 hrs) | E3: 0 | F3: 1 | G3: 9 | H3: Driver is keeping the mobile in his pocket, Driver to wear the uniform in duty hours, AI,RH & LH camera angle need to change, Cabin,Front & Rear side camera angle need to change & Driver disconnect the charging cable in mobile and then use of it | I3: 1 | J3: Nil | K3: Weather & Violation Report, MCV Detention & Unknown stoppage
A4: 1 | B4: 01.03.2026 | C4: Prabakaran S | D4: C (22:00 to 6:00 hrs) | E4: 0 | F4: 1 | G4: 5 | H4: No seat belt malfunctioning, Driver to wear the uniform in duty hours, Driver to rectify the Cabin camera View, Driver to remove the object from cabin camera,Driver why the vehicle has parked at near by roadside . | I4: 0 | J4: Jalandar violation mail pending | K4: Violation, weather & Curfew status Report
A5: 1 | B5: 02.03.2026 | C5: Karthikeyan S | D5: A(06:00 to 14:00 hrs) | E5: 2 | F5: 1 | G5: 4 | H5: Remove the object from Cabin camera, Cabin camera angle need to change and Vehicle has parked at roadside | I5: 3 | J5: Nil | K5: PM Alert,LMS Consolidated, Unknown Stoppage & MCV detention
A6: 1 | B6: 02.03.2026 | C6: Prabakaran S | D6: B(14:00 to 22:00 hrs) | E6: 1 | F6: 1 | G6: 9 | H6: LH & Cabin camera angle need to change,LH & AI camera angle need to change,Driver don't use bluetooth headset while driving,Driver doing single hand driving continuously ,Cabin camera angle need to change , Driver do not drink water while driving, Vehicle has parked at roadside, AI camera angle need to change | I6: 2 | J6: Nil | K6: Weather & Violation Report, MCV Detention & Unknown stoppage
A7: 1 | B7: 02.03.2026 | C7: Bhuvan VK | D7: C (22:00 to 6:00 hrs) | E7: 5 | F7: 0 | G7: 5 | H7: Driver to remove the object from cabin camera, LH & AI camera angle need to change, Driver doing single hand driving continuously, Unknown person in Co Driver seat | I7: 5 | J7: Nil | K7: Violation, weather & Curfew status Report
A8: 1 | B8: 03.03.2026 | C8: Prabakaran S | D8: A(06:00 to 14:00 hrs) | E8: 0 | F8: 1 | G8: 7 | H8: AI & LH camera angle need to change, Vehicle has parked at roadside, Driver to wear the uniform in duty hours, AI & Front camera angle need to change,Cabin camera angle need to change . | I8: 1 | J8: Nil | K8: PM Alert,LMS Consolidated, Unknown Stoppage & MCV detention
A9: 1 | B9: 03.03.2026 | C9: Praveen Kumar V | D9: B(14:00 to 22:00 hrs) | E9: 1 | F9: 0 | G9: 8 | H9: Cabin camera view need to change, Driver to wear the uniform in duty hours, LH & Cabin camera angle need to change, Driver do not drink water while driving, Driver disconnect the charging cable in mobile and then use of it & Driver doing distraction activities while driving. | I9: 1 | J9: Nil | K9: Weather & Violation Report, MCV Detention & Unknown stoppage
A10: 1 | B10: 02.03.2026 | C10: Bhuvan VK | D10: C (22:00 to 6:00 hrs) | E10: 0 | F10: 2 | G10: 6 | H10: Driver to remove the object from cabin camera, Unknown person in Co Driver seat, Driver he is fine or not, Driver do not drink water while driving | I10: 2 | J10: Nil | K10: Violation, weather & Curfew status Report
A11: 1 | B11: 04.03.2026 | C11: Prabakaran S | D11: A(06:00 to 14:00 hrs) | E11: 0 | F11: 1 | G11: 7 | H11: LH camera angle need to change, Vehicle has parked at roadside, Driver to wear the uniform in duty hours, AI & Front camera angle need to change,Rear camera angle need to change . | I11: 1 | J11: Nil | K11: PM Alert,LMS Consolidated, Unknown Stoppage & MCV detention
A12: 1 | B12: 04.03.2026 | C12: Praveen Kumar V | D12: B(14:00 to 22:00 hrs) | E12: 1 | F12: 3 | G12: 5 | H12: LH & Cabin camera angle need to change, RH side camera angle need to change, Driver to wear the uniform in duty hours, Driver disconnect the charging cable in mobile and then use of it & Driver is keeping the mobile in his pocket | I12: 4 | J12: Nil | K12: Weather & Violation Report, MCV Detention & Unknown stoppage
A13: 1 | B13: 04.03.2026 | C13: Bhuvan VK | D13: C (22:00 to 6:00 hrs) | E13: 2 | F13: 0 | G13: 9 | H13: Driver to remove the object from Rear camera, Unknown person in Co Driver seat, Driver he is fine or not, Driver do not drink water while driving, Driver is keeping the mobile in his pocket, AI &RH camera angle need to change. | I13: 2 | J13: Nil | K13: Violation, weather & Curfew status Report
... A53: 1 | B53: 18.03.2026 | C53: Bhuvan VK | D53: A(06:00 to 14:00 hrs) | E53: 1 | F53: 3 | G53: 10 | H53: Rear& RH side Camera angle need to change, Remove the object from Front camera, Unknown person in Co Driver seat, Vehicle has parked at roadside, Driver he is fine or not, Driver disconnect the charging cable in mobile and then use of it | I53: 4 | J53: NIL | K53: PM Alert,LMS Consolidated, Unknown Stoppage & MCV detention
N398: 0.53819444

Sheet ERV Log 
A1: S.no | B1: Date | C1: Reported By | D1: Shift | E1: Event Trigger Time | F1: Transportar name | G1: Vehicle No | H1: Driver Name | I1: Driver ID | J1: GA | K1: Violation | L1: Broadcast Message | M1: Mail Sent | N1: Mail Time | O1: Comments / Remark | P1: Status
A2: 1 | B2: 18.10.2024 | C2: K.Gopinath | D2: C | E2: 0.30486111 | G2: MP16ZE8457 | H2: Ganesh Dasari | I2: Not created | J2: Nellore | K2: No Seatbelt | L2: Not Applicable | M2: Yes | N2: 0.42916667 | O2: Whatsapp msg, mail sent | P2: Closed
A3: =A2+1 -> 2 | B3: 17.10.2024 | C3: Rajesh Kumar | D3: B | E3: 0.4125 | G3: AP39UV7392 | H3: Raju | I3: Not created | J3: Tirupathi | K3: Mobile Usage | L3: Not Applicable | M3: Yes | N3: 0.65138889 | O3: Whatsapp msg, mail sent | P3: Closed
A4: =A3+1 -> 3 | B4: 17.10.2024 | C4: Rajesh Kumar | D4: B | E4: 0.4125 | G4: AP39UV7392 | H4: Raju | I4: Not created | J4: Tirupathi | K4: Overspeed | L4: Not Applicable | M4: Yes | N4: 0.65138889 | O4: Whatsapp msg, mail sent | P4: Closed
A5: =A4+1 -> 4 | B5: 17.10.2024 | C5: K.Gopinath | D5: C | E5: 0.96180556 | G5: TN18BS5173 | H5: Deepak | I5: Not created | J5: Kanchipuram | K5: Observation | L5: Not Applicable | M5: Yes | N5: 0.96527778 | O5: AI camera angle need to be changed | P5: Closed
A6: =A5+1 -> 5 | B6: 21.10.2024 | C6: Napolean | D6: G | E6: 0.48611111 | G6: MH14LL6819 | H6: Parmesh E/Pradeep | I6: Not created | J6: CHK | K6: No Seatbelt | L6: Not Applicable | M6: Yes | N6: 0.48611111 | O6: Whatsapp msg, mail sent | P6: Closed
A7: =A6+1 -> 6 | B7: 21.10.2024 | C7: K.Gopinath | D7: B | E7: 0.625 | G7: TN18BS5173 | H7: Deepak | I7: Not created | J7: Kanchipuram | K7: Mobile Usage | L7: Not Applicable | M7: Yes | N7: 0.64375 | O7: Whatsapp msg, mail sent / Mailed to O&M Team | P7: Closed
A8: =A7+1 -> 7 | B8: 22.10.2024 | C8: K.Gopinath | D8: B | E8: 0.75 | G8: GJ02AT6498 | H8: Ezhil | I8: Not created | J8: Vellore | K8: Observation | L8: Not Applicable | M8: Yes | N8: 0.75694444 | O8: AI camera angle need to be changed | P8: Open
A9: =A8+1 -> 8 | B9: 23.10.2024 | C9: K.Gopinath | D9: A | E9: 0.45 | G9: AP39SJ4897 | H9: Mahesh | I9: Not created | J9: ANK | K9: Overspeed | L9: Not Applicable | M9: Yes | N9: 0.48958333 | O9: Whatsapp msg, mail sent / Mailed to O&M Team | P9: Closed
A10: =A9+1 -> 9 | B10: 23.10.2024 | C10: Praveen Kumar V | D10: B | E10: 0.60416667 | G10: MH14LL7256 | H10: Prabhu | I10: Not created | J10: Ramanathapuram | K10: Overspeed | L10: Not Applicable | M10: Yes | N10: 0.48958333 | O10: Whatsapp msg, mail sent / Mailed to O&M Team | P10: Closed
A11: =A10+1 -> 10 | B11: 24.10.2024 | C11: K.Gopinath | D11: A | E11: 0.49236111 | G11: AP39UV7392 | H11: Raju | I11: Not created | J11: Tirupathi | K11: Overspeed | L11: Not Applicable | M11: Yes | N11: 0.50694444 | O11: Whatsapp msg, mail sent / Mailed to O&M Team | P11: Closed
A12: =A11+1 -> 11 | B12: 30.10.2024 | C12: K.Gopinath | D12: A | E12: 0.40277778 | G12: AP39SJ4897 | H12: Madhu Sudhan | I12: Not created | J12: ANK | K12: Mobile Usage | L12: Not Applicable | M12: Yes | N12: 0.48958333 | O12: Whatsapp msg, mail sent / Mailed to O&M Team | P12: Closed
A13: =A12+1 -> 12 | B13: 25.11.2024 | C13: K.Gopinath | D13: A | E13: 0.40277778 | G13: TN18BS5122 | H13: Deepak | I13: Not created | J13: Kanchipuram | K13: Observation | L13: Not Applicable | M13: Not Applicable | N13: 0.44930556 | O13: AI camera angle need to be changed | P13: Open
A14: =A13+1 -> 13 | B14: 26.11.2024 | C14: K.Gopinath | D14: A | E14: 0.43055556 | G14: AP39SJ4897 | H14: Mahesh | I14: Not created | J14: ANK | K14: Observation | L14: Not Applicable | M14: Not Applicable | N14: 0.45277778 | O14: Front camera angle need to be changed | P14: Open
... A16: =A15+1 -> 15 | B16: 03.12.2024 | C16: K.Gopinath | D16: B | E16: 0.78958333 | G16: RJ19GJ3883 | H16: Unassigned | I16: Not created | J16: BJJ | K16: Mobile Usage | L16: Not Applicable | M16: Yes | N16: 0.79513889 | O16: Whatsapp msg, mail sent / Mailed to O&M Team | P16: Closed
A17: 16 | B17: 23.01.2025 | C17: K.Gopinath | D17: B | E17: 0.75833333 | G17: MH14LL7256 | H17: Prabhu | I17: Not created | J17: Ramanathapuram | K17: Observation | L17: Not Applicable | M17: Not Applicable | N17: 0.77847222 | O17: AI & Front camera angle need to be changed | P17: Open
A18: 17 | B18: 45784 | C18: Karthikeyan S | D18: A | E18: 0.40972222 | G18: AP39UV7392 | J18: Tirupathi | K18: Observation | L18: Not Applicable | M18: Not Applicable | N18: 0.40972222 | O18: AI camera angle need to be changed | P18: Open
A19: 18 | B19: 45784 | C19: Karthikeyan S | D19: A | E19: 0.41111111 | G19: RJ07GE2182 | J19: AKT | K19: Observation | L19: Not Applicable | M19: Not Applicable | N19: 0.41111111 | O19: AI camera angle need to be changed | P19: Open

Sheet Log Data 
A1: GA Location list | B1: Logistics Co-ordinator | C1: Logistics Email Id | D1: Logistics Contact | E1: HSE Co-ordinator | F1: HSE contact no | G1: HSE Contact No | H1: GA Head | I1: Marketing | J1: O&M Head | K1: O&M Contact No
A2: ANK | B2: Sampath FarKan | C2: sampath.kumar@think-gas.com c.logistics.ank@think-gas.com | D2: 96328 76505 73376 45424 | E2: Sushil Rambabu Kathuria Devendar Sircilla shisira kumar pradhan | F2: sushil.rk@think-gas.com shisir.kumar@think-gas.com devendar.sircilla@think-gas.com | G2: 7490967996 6381038583 6200692003 | H2: Gautam Anand (Zonal head) gautam.anand@think-gas.com Aditya (Dist Mgr) aditya.vardhan@think-gas.com | I2: prasad@agppratham.com | J2: shisira kumar pradhan | K2: 9989102704
A3: BKR (Bagalkot, Koppala, Raichur) | B3: Mohammed Usman , Basvaraj, MEHABOOB | C3: mohammed.usman@think-gas.com c.logistics.bkr@think-gas.com | D3: 63643 53668 88848 66005 80734 56061 | E3: Viswajith patil Mruthunjayya S | F3: vishwajit.patil@think-gas.com , mruthunjayya.s@think-gas.com | G3: 9758277746 8129862434 8590019247 | H3: Jagadish Iranna Purli jagadish.purli@think-gas.com sanjeevkumar.s@think-gas.com | I3: sumit.dutta@agppratham.com | J3: arunkumar.n@think-gas.com | K3: 9972389367
A4: Dahej (Terminal) | B4: Ranjit , Sagar sunil Rajput, Aditya | C4: ranjit.singh@think-gas.com c.hazira.logistics@think-gas.com sagar.rajput@think-gas.com | D4: 82204 86222 97986 82553 97631 07271 | E4: Vinay Kumar Rai | F4: vinay.kumar@think-gas.com | G4: 7041638434 9099950955 | H4: sundar rajan sundar.rajan@think-gas.com, Deepak Patahk deepak.pathak@think-gas.com
A5: CHK (Chikmagalur,Hassan,Kodagu) | B5: Saqlain, punith Swaroop | C5: saqlain.katgeri@think-gas c.logistics.hassan@think-gas.com | D5: 84950 69683 73536 67393 93537 49600 | E5: Ajeet Kumar Prajapati , Bhavin | F5: ajeet.kumar@think-gas.com bhavin.kantilal@think-gas.com | G5: 9824476545 | H5: Basavaraju K M basavaraju.km@think-gas.com (Deputy) Brajesh singh (Zonal) | I5: karthik.ks@agppratham.com, nitin.huilgol@agppratham.com pravin.vishvanathe@think-gas.com | J5: bhavin.kantilal@think-gas.com | K5: 7043700191
A6: BJJ (Barmer,Jodhpur, Jaisalmer) | B6: Sanjan,Sahil, Arjun Pushpendra, | C6: sahil.rehman@think-gas.com bjj.logistics@think-gas.com sanjan.singh@think-gas.com | D6: 7905467715, 99283 99940, 9835567385 | E6: Vinay Kumar Rai | F6: vinay.kumar@think-gas.com | G6: 7041638434 9099950955 | H6: vinod chawada vinod.chawada@think-gas.com rohit kumar rohit.kumar@think-gas.com (district manager) | I6: darpan.chaudhary@agppratham.com | J6: sunil bishnoi sunil.bishnoi@think-gas.com (Deputy) | K6: 8600046934
A7: KV (Kalburgi, Vijayapura) | B7: Mazhar ahmed, Sanjay, Mustafa | C7: mazhar.ahmed@think-gas.com kv.logistics@think-gas.com c.logistics.kv@think-gas.com | D7: 91087 91619 78924 54445 95384 95503 | E7: Amit Kumar Singh,Ramesh Reddy | F7: amit.singh@think-gas.com | G7: 7907134312 8306767467 | H7: Rangarajan Seshadri s.rangarajan@think-gas.com | I7: prayag.mishra@agppratham.com | J7: Rahul kumar, ,Ramesh Reddy | K7: Ram - 9700432509
A8: Kanchipuram | B8: Vijaykumar Arul , Ashok , Parthi | C8: vijay.r@think-gas.com c.logistics.kanchipuram@think-gas.com | D8: 95001 99497 88833 46843 70940 43883 9500429658 | E8: Sebastian Stalin | F8: sebastian.stalin@think-gas.com | G8: 7708466438 9521867403 | H8: Thirukumaran NT thirukkumaran.nt@think-gas.com, | I8: k.radhakrishnan@agppratham.com | J8: Aftab.Alam@think-gas.com | K8: 8873744466
A9: Kochi (Terminal) | B9: Lal.Bahadur, Gokul, Sathish, | C9: cochin.logistics@think-gas.com lal.bahadur@thinkgas.com sathish.v@think-gas.com | D9: 94167 49002 89214 38468 755002 8988 | E9: Pawan Madhukar Jawanjal | F9: pawan.jawanjal@think-gas.com | G9: 9850069937 9373152148 9008939348 | H9: sundar rajan sundar.rajan@think-gas.com, Deepak Patahk deepak.pathak@think-gas.com
A10: Kolar | B10: Logesh Babu | C10: Logesh.babu@think-gas.com | D10: 95248 17630 | E10: Dhamodaran R Akshith S.R. Priyabrata Datta | F10: dhamodaran.rajendran@think-gas.com | G10: 9655888975 | H10: Gautam Anand(Zonal head) gautam.anand@think-gas.com | I10: gautam.anand@agppratham.com | J10: Akshith S.R. | K10: 9962314312
A11: MMC (Mysore,Mandya,Chamrajnagar) | B11: Lokesh S, Yogesh | C11: lokesh.s@think-gas.com mmc.logistics@think-gas.com | D11: 97425 72117 87227 10368 | E11: Santhosh A | F11: santhosh.a@think-gas.com | G11: 9738407975 9650699982 | H11: Sanjit kumar suman | I11: nitin.huilgol@agppratham.com madankumar.s@think-gas.com | J11: bhavin.kantilal@think-gas.com | K11: 7043700191
A12: Nellore | B12: Jeevan | C12: jeevan.kumar@think-gas.com c.logistics.tirupathi@think-gas.com | D12: 98490 26511 | E12: Venkata sabari | F12: venkata.sabaribabu@think-gas.com | G12: 7981357484 | H12: Gautam Anand (Zonal head)gautam.anand@think-gas.com Anil Kumar DV (Deputy) anilkumar.dv@think-gas.com | I12: Amrendra Kumar <amrendra@agppratham.com> | J12: Ramit Mann ramit.mann@think-gas.com | K12: 9711404163
A13: UHS (Uttarkannad,Haveri, Shivamoga) | B13: Chaitanya Akash Shivu | C13: chaithanya.indaje@think-gas.com c.logistics.uhs@think-gas.com | D13: 87225 53430 9380071691 9945185804 | E13: Sharath Kumar Shetty B, | F13: sharath.shetty@think-gas.com | G13: 9686797948 9601161848 | H13: Manjunath manjunath@think-gas.com (deputy) | I13: santosh.kulkarni@agppratham.com | J13: martinraju@think-gas.com | K13: 9481111106
A14: Tirupathi | C14: c.logistics.tirupathi@think-gas.com | D14: 93819 61903 | E14: Venkata sabari | F14: venkata.sabaribabu@think-gas.com | G14: 9000160565 | H14: Gautam Anand (Zonal head)gautam.anand@think-gas.com Dammu srinu dammu.srinu@think-gas.com 9866187186 | I14: prasad@agppratham.com | J14: dammu.srinu@think-gas.com | K14: 9866187186
A15: AKT (Alappuzha,Kollam, Trivandrum, Cherthala) | B15: Jayakrishann, Gowtham, shambu | C15: c.logistics.akt1@think-gas.com jayakrishnan.ng@think-gas.com c.logistics.akt@think-gas.com | D15: 96338 70757 96333 18880 95399 89393 81296 05611 94477 08550 81398 08602 | E15: Roshan,Pawan Madhukar Jawanjal Akhil Vijayan Sarath A | F15: roshan.p@think-gas.com, pawan.jawanjal@think-gas.com akhil.vijayan@think-gas.com sarath.a@think-gas.com | G15: 9850069937 9373152148 9008939348 7763807054 | H15: Deepu John deepu.john@think-gas.com,Vijai Anand vijai.anand@think-gas.com | I15: srinath.kumar@agppratham.com | J15: Sankar Dhayal Theenathayalan sankar.dhayal@think-gas.com, Praveen Davis praveen.davis@think-gas.com | K15: 8451945219
A16: Vellore | B16: Logesh Babu | C16: Logesh.babu@think-gas.com vellore.logistics@think-gas.com | D16: 96883 79258 94883 66039 | E16: Dhamodaran R Akshith S.R. | F16: dhamodaran.rajendran@think-gas.com | G16: 9655888975 | H16: Gautam Anand gautam.anand@think-gas.com(Zonal head), (dist manager | I16: B Hemachandran <b.hemachandran@agppratham.com> | J16: mohammad.kabeer@think-gas.com | K16: 9962314312
A17: Ramanathapuram | B17: Martin , Mohan , Prabakaran | C17: rmd.logistics@think-gas.com , c.mdpe1.ramnad@think-gas.com, c.onmramnad1@think-gas.com, prabakaran.t@think-gas.com | D17: 85519 86277, 91597 34678, 63699 51854 | E17: Ramesh Kumar | F17: rameshkumar.m@think-gas.com | G17: 8870176186 | H17: Epoomari Sivan epoomari.sivan@think-gas.com | I17: Karthik <karthik.baskaran@agppratham.com> | J17: rameshkumar.m@think-gas.com | K17: 8870176186
A18: Ennore (Terminal) | B18: Fyzan Nivin Haresh | C18: c.logistics.ennore@think-gas.com mohammed.fyzan@think-gas.com haresh.jk@think-gas.com | D18: 91647 96655 9514677570, 824864 1266 | E18: Sebastian Stalin | F18: sebastian.stalin@think-gas.com | G18: 7708466438 9521867403 | H18: sundar rajan sundar.rajan@think-gas.com, Deepak Patahk deepak.pathak@think-gas.com
A19: Jalandar | B19: Dawinder Gurinder | H19: darpan.chaudhary@think-gas.com | J19: Gaurav.Sabharwal@think-gas.com
A20: Begusarai | B20: Rakesh Singh | H20: Vijay.Tiwari@think-gas.com | J20: Prabhakar.Kumar@think-gas.com
A21: Bhopal | B21: Yogesh Bharmal | H21: Durga.Shankar@think-gas.com | J21: Tushar.Bari@think-gas.com
A22: Baghpat | B22: Rakesh Singh | H22: Vikalp.Shukla@think-gas.com | J22: Parush.Kohli@think-gas.com
A23: Shivpuri | B23: Manish Kumar Bhathi | H23: priyank.jain@think-gas.com | J23: priyank.jain@think-gas.com
A24: Kangara | B24: Harimesh Padha | H24: darpan.chaudhary@think-gas.com | J24: darpan.chaudhary@think-gas.com
A25: Ludhiana | B25: Dawinder Gurinder | H25: vishalgiri.goswami@think-gas.com | J25: Gaurav.Sabharwal@think-gas.com

Sheet Vehicles List new
A1: VehicleNumber | B1: VehicleType | C1: Transporter Name | D1: GALocation
A2: KA01AL4119 | B2: LNG | C2: Kongunadu Roadlines | D2: Dahej
A3: KA01AL3719 | B3: LNG | C3: Kongunadu Roadlines | D3: Dahej
A4: TN87B6394 | B4: LNG | C4: Kongunadu Roadlines | D4: Ennore
A5: TN87B6483 | B5: LNG | C5: Kongunadu Roadlines | D5: Ennore
A6: TN87B7069 | B6: LNG | C6: Kongunadu Roadlines | D6: Ennore
A7: KA01AL6761 | B7: LNG | C7: Kongunadu Roadlines | D7: Dahej
A8: KA01AL7519 | B8: LNG | C8: Kongunadu Roadlines | D8: Ennore
A9: KA01AL9139 | B9: LNG | C9: Kongunadu Roadlines | D9: Ennore
A10: TN88H6575 | B10: LNG | C10: Kongunadu Roadlines | D10: Kochi
A11: TN88H6508 | B11: LNG | C11: Kongunadu Roadlines | D11: Kochi
A12: NL01AE4803 | B12: LNG | C12: Kongunadu Roadlines | D12: Ennore
... A455: NL01AK5776 | B455: LNG | C455: Oraya Gas India Pvt.Ltd. | D455: Ennore

Sheet Vehicle List
A1: VehicleNumber | B1: VehicleType | C1: Transporter | D1: GALocation
A2: KA01AL4119 | B2: LNG Tanker | C2: Kongunadu Roadlines | D2: Dahej
A3: KA01AL3719 | B3: LNG Tanker | C3: Kongunadu Roadlines | D3: Dahej
A4: TN87B6394 | B4: LNG Tanker | C4: Kongunadu Roadlines | D4: Ennore
A5: TN87B6483 | B5: LNG Tanker | C5: Kongunadu Roadlines | D5: Ennore
A6: TN87B7069 | B6: LNG Tanker | C6: Kongunadu Roadlines | D6: Ennore
A7: KA01AL6761 | B7: LNG Tanker | C7: Kongunadu Roadlines | D7: Dahej
A8: KA01AL7519 | B8: LNG Tanker | C8: Kongunadu Roadlines | D8: Ennore
A9: KA01AL9139 | B9: LNG Tanker | C9: Kongunadu Roadlines | D9: Ennore
A10: TN88H6575 | B10: LNG Tanker | C10: Kongunadu Roadlines | D10: Kochi
A11: TN88H6508 | B11: LNG Tanker | C11: Kongunadu Roadlines | D11: Kochi
A12: NL01AE4803 | B12: LNG Tanker | C12: Kongunadu Roadlines | D12: Ennore
... A455: NL01AK5776 | B455: LNG Tanker | C455: Oraya Gas India Pvt.Ltd. | D455: Ennore

Sheet Nearmiss
A1: Sr.No | B1: Date | C1: Observer | D1: Event Trigger Time | E1: Vehicle No | F1: Driver Name | G1: Driver ID | H1: GA | I1: Description
A2: 1 | B2: 45083 | C2: K.Gopinath | D2: 0.66597222 | E2: KL19M6769 | F2: AWDHESH KUMAR | G2: AGP/CNG/UHS/62 | H2: UHS | I2: Driver slow down when 1st pedestrian crossed and observed mirror
A3: =A2+1 -> 2 | B3: 45085 | C3: K.Gopinath | D3: 0.76111111 | E3: KA50B1300 | F3: Basavaraju | G3: AGP/CNG/MMC-016 | H3: MMC | I3: A car from left side of the road tries to move to right side of the road reutls in nearmiss with our MCV
A4: =A3+1 -> 3 | B4: 45117 | C4: K.Gopinath | D4: 0.92708333 | E4: KA50B0744 | F4: Mahendra TM | G4: AGP/CNG/MMC-010 | H4: MMC | I4: A car from left side of the road tries to move to right side of the road reutls in nearmiss with our MCV
A5: =A4+1 -> 4 | B5: 45126 | C5: K.Gopinath | D5: 0.32291667 | E5: KA50B1426 | F5: Umesh BE | G5: AGP/CHK-426 | H5: CHK | I5: A Two wheeler change lane from right to left suddenly
A6: =A5+1 -> 5 | B6: 45141 | C6: K.Gopinath | D6: 0.54166667 | E6: KL19M6407 | F6: NOUPHAL.A | G6: AGP/CNG/AKT/018 | H6: AKT | I6: Two wheeler from middle of the road tries to cross the road suddenly results in nearmiss with our MCV
A7: =A6+1 -> 6 | B7: 45143 | C7: K.Gopinath | D7: 0.29166667 | E7: KL09AV4329 | F7: unassigned | G7: unassigned | H7: AKT | I7: Two wheeler from middle of the road tries to cross the road suddenly results in nearmiss with our MCV
A8: =A7+1 -> 7 | B8: 45145 | C8: K.Gopinath | D8: 0.66527778 | E8: AP39UC4153 | F8: C Venkateshwarlu | G8: AGP/CNG/NEL /0670 | H8: Nellore | I8: A truck from left side of the road tries to move to right side of the road reutls in nearmiss with our MCV
A9: =A8+1 -> 8 | B9: 45150 | C9: K.Gopinath | D9: 0.70277778 | E9: KA50B1322 | F9: Vishwaradhya | G9: AGP/CNG/KV/023 | H9: KV | I9: Animal is standing in the middle of the road our MCV driver observed it and stops the vehicle
A10: =A9+1 -> 9 | B10: 45150 | C10: K.Gopinath | D10: 0.73680556 | E10: KA50B1427 | F10: KOTRESH | G10: AGP/CNG/BKR/01 | H10: BKR | I10: In a Two lane undivided road, A Vehicle from opposite side tries to overtake the other vehicle in same lane which results in nearmiss with our MCV. Our MCV driver was cautious and took slight left to avoid contact with that vehicle.
A11: =A10+1 -> 10 | B11: 45154 | C11: K.Gopinath | D11: 0.70555556 | E11: TN88J0417 | F11: V Thiruvengadam | G11: AGP/CNG/KANCHI/059 | H11: KAN | I11: In this video Person travelling in two wheeler not following the overtake procedure which results in Nearmiss (16:56:04)
A12: =A11+1 -> 11 | B12: 45154 | C12: K.Gopinath | D12: 0.70833333 | E12: KA50B1276 | F12: Lingashetty | G12: AGP/CNG/KV/011 | H12: KV | I12: Driver not following overtake procedure and there is no enough space after overtaking our MCV vehicle which results in Nearmiss with opposite Bike and Car and overspeeding violation found as per norms.
A13: =A12+1 -> 12 | B13: 45154 | C13: K.Gopinath | D13: 0.78888889 | E13: KA50B0743 | F13: SATHISH C S | G13: AGP/CNG/MMC/005 | H13: MMC | I13: Car from opposite side waiting in the middle of the road to cross the road. Our Driver observed and slow downs the vehicle & took a slight left to avoid contact with that vehicle which results in Nearmiss Event (18:56:52)
A14: =A13+1 -> 13 | B14: 45154 | C14: K.Gopinath | D14: 0.83055556 | E14: RJ14GP5033 | F14: Vikram Singh | G14: AGP/CNG/BJJ/126 | H14: BJJ | I14: Nearmiss Reported at 19:56:00 A Car from middle of the road makes a U turn suddenly Our Driver observed and slows down the vehicle.
... A23: =A22+1 -> 22 | B23: 45176 | C23: K.Gopinath | D23: 0.70416667 | E23: KA01AN0972 | F23: Balanji MM | G23: AGP/CNG/KOL/012 | H23: Kolar | I23: Bike Rider from opposite lane of the road tries to cross the road suddenly our MCV driver observed it and took slight right to avoid collision with the bike rider.
A24: =A23+1 -> 23 | B24: 45181 | C24: Deepak Pathak | D24: 0.52708333 | E24: KL19M6407 | I24: Near miss observed at 12 second , Driver violating the lane discipline and lane marking, trying to overtake third party vehicle while there is other vehicle coming from opposite side. Please advise the driver to follow lane discipline, lane marking and always follow the safe overtaking process.
A25: =A24+1 -> 24 | B25: 45185 | C25: K.Gopinath | D25: 0.72291667 | E25: KA50B1301 | F25: Vijendra | G25: AGP/CNG/CHK-428 | H25: CHK | I25: Nearmiss Reported (17:21:15) A car from opposite lane suddenly tries to cross the road without any indication. our MCV Driver Observed the car and slow down the vehicle to avoid Collison with that car.
A26: =A25+1 -> 25 | B26: 45188 | C26: Rmachandran | D26: 0.67083333 | E26: KA50B1424 | F26: Hanamanth | G26: AGP/CNG/KV/0632 | H26: KV | I26: Today at 16:27hrs Third-party driver catch hold of this MCV driver and was questioning him for his bad behaviour. Following are the reason which was done by our MCV driver on other third-party driver to get in ROAD RAGE & involve in near-miss incident:-Rase driving wrong overtaking
A27: =A26+1 -> 26 | B27: 23-9-23 | C27: Deepak Pathak | D27: 0.53472222 | E27: NL01AE4803 | F27: Girijesh kumar singh | G27: AGP/LNG/139 | H27: Dahej | I27: Vehicle was standing in Traffic Jam, when Tanker started moving other third-party vehicle was overtaking our Tanker from wrong side and in resulting coming in blind sport of tanker/driver, At that time Co-driver need to be attentive and use hand signal from his side to avoid any incident which is also provide in the training but instead he was on phone. Kindly educated the driver accordingly.
A28: =A27+1 -> 27 | B28: 25-09-23 | C28: Deepak Pathak | D28: 0.65138889 | E28: KL09AV4263 | F28: SAJILAL | G28: AGP/CNG/AKT/073 | H28: AKT | I28: Driver was doing Road rage with rear vehicle & To be overtaken process not followed
A29: 28 | B29: 45205 | C29: K.Gopinath | D29: 0.26388889 | E29: RJ14GP2189 | F29: OM PRAKASH-I | G29: AGP/CNG/BJJ/040 | H29: BJJ | I29: Nearmiss Reported 06:20Am Our MCV overtakes a third party vehicle suddenly Pedestrian cross the opposite side of the road results in nearmiss without Collison with pedestrain (Refer 00:50)
A30: 29 | B30: 45211 | C30: K.Gopinath | D30: 0.67708333 | E30: TN87B6382 | F30: Virendra Kumar Yadav | G30: AGP/LNG/255 | H30: Ennore | I30: Nearmiss Reported at 16:15 Two Wheeler from opposite side tries to cross other side of the road Our LNG Tanker driver observed it and slow downs the vehicle (Ref 00:12)
A31: 30 | B31: 45203 | C31: Harish | D31: 0.74583333 | E31: KA01AM6187 | H31: MMC | I31: Third party vehicle "Car" suddenly over takes the other vehicle without any indication , Our MCV driver Observed and Applied sudden brake to avoid collision with that vehicle.
A32: 31 | B32: 45240 | C32: Vijayan G | D32: 0.83333333 | E32: KL19M6715 | F32: Suresh kumar | G32: AGP/CNG/NEL/0673 | H32: Vellore | I32: Driver was aggressively took right from left lane to middle lane without any indication
A33: 32 | B33: 45250 | C33: Deepak Pathak | D33: 0.58402778 | E33: TN88J2175 | F33: Bhairo Nath Yadav | G33: AGP/LNG/269 | H33: Dahej | I33: Vehicle was running on 2nd lane and driver was in distraction, so did not observed Front moving bus stopped suddenly to deboard passengers, driver was maintaining the safe distance and steered the tanker towards right lane and no incident happened. Co-driver was on phone and not guided main driver. Please advice the driver always keep his eye on road and not involve in distraction while driving and such situations co-driver need to alert and guide the main driver
A34: 33 | B34: 45263 | C34: K.Gopinath | D34: 0.72569444 | E34: KA01AN7747 | F34: Srikanth | G34: AGP/CHK-409 | H34: CHK | I34: A car from service road takes a left with Indication to join the Bypass Road but suddenly other third party vehicle from same road tries to overtake the car without indication so the car suddenly stopped the vehicle. Our MCV Driver observed it and applied a sudden brake to avoid collision with the car.
A35: 34 | B35: 45275 | C35: Deepak Pathak | D35: 0.55694444 | E35: KA01AL3719 | F35: Rajkumar Yadav | G35: AGP/LNG/291 | H35: Dahej | I35: Vehicle was negotiating the Roundabout with Haphazard movement of other road users. As driver moved the tanker from left side to right side to negotiate the round about. A Third party crusher was on his lane at right side of the tanker, while making the turn our driver did not signal the third party crusher driver & did not judge the turning radius of the vehicle. Since third party crusher driver stopped his vehicle, incident avoided. Please educated the driver about Right of way at Round about and always judge the turning radius of the vehicle while taking turn at round about
A36: 35 | B36: 45282 | C36: Deepak Pathak | D36: 0.46597222 | E36: TN88H2182 | F36: Thirunavvukarasu | G36: AGP/CNG/NEL/0668 | H36: ANK | I36: MCV was crossing an intersection with Haphazard movement of other road users, at the same time suddenly a bike rider came Infront of the vehicle through Gap in median from opposite side and crossed the road towards LHS intersection, thereby Near-miss reported. As MCV was at intersection driver could have decrease the speed of the vehicle in this case. And @11:12:20hrs MCV was negotiating Roundabout, a pedestrian was crossing the road, MCV steered the vehicle towards right and moved, which caused an auto-rickshaw and other road users at right side of the MCV forced to stop suddenly leading a Near-miss. MCV driver could have slow down before negotiating round about and stopped to allowing pedestrian to cross the road in this case. Please educate the driver about Right of way at intersection/ round-about and be-aware & cautious about the Haphazard movement of other road users.
A37: 36 | B37: 45286 | C37: Deepak Pathak | D37: 0.60833333 | E37: KA01AN7742 | F37: Vijendra | G37: AGP/CNG/CHK-428 | H37: CHK | I37: Vehicle is running at Single Undivided road with Haphazard movement of other road users. @14:36:01hrs one Auto that was trying to overtake other vehicle came in front of our MCV, incident avoided by MCV driver. At the same time one lady passenger suddenly came Infront of moving bus and auto took U-turn in-front of the bus. (Recorded in rear camera).@14:36:17hrs pedestrian crossing the road suddenly running in-front of the bus. (Recorded in rear camera). @14:36:32 Black car tried to move to other side of road from constructed area. MCV driver noticed well in advance and stopped the vehicle thereby incident avoided. Same situation happened with bus with sedan car which was trying maneuvering but bus driver avoided incident (recorded in rear camera)
A38: =A37+1 -> 37 | B38: 45293 | C38: Deepak Pathak | D38: 0.60902778 | E38: KA01AP0284 | F38: Jayashankar Murthy BS | G38: AGP/CNG/CHK-431 | H38: CHK | I38: Vehicle was running on single undivided dual carriage road and trying to overtake a tractor trolly. As driver start the overtaking, from opposite side an auto came and driver have to stop the overtaking. Kindly educate the drivers on correct method of overtaking (MSM rule), and not to overtake on single undivided dual carriage road without confirming space cushion.
A39: =A38+1 -> 38 | B39: 45330 | C39: Deepak Pathak | D39: 0.51041667 | E39: KA01AM0219 | F39: Ravishankar | G39: AGP/LNG/206 | H39: Kochi | I39: @12:15:39hrs:- vehicle was standing at unsafe parking space (left side of the road) and driver was speaking over phone after finishing, while merging the vehicle on road, driver didn't observe the mirror and rear traffic. As third-party Auto driver observed the tanker and stopped his vehicle, thereby incident avoided. Please educate the driver to always use mirror when merging into traffic from standing position. And not to park his vehicle at unsafe parking place (left side of the road).
A40: 39 | B40: 45351 | C40: Deepak Pathak | D40: 0.5625 | E40: KL07DC0563 | F40: PRAMOD K S | G40: AGP/CNG/AKT/036 | H40: AKT | I40: In a single undivided road, driver overtook the front moving third party open body truck, at the same time one bike rider coming from opposite direction didn't had space, then driver steering suddenly towards left, without completing the overtaking. Third party truck driver slow down then steered to his left and avoided incident. There was no space between two vehicles and MSM rule was not adhered. Kindly educate the driver to follow the MSM rule while overtaking, no overtaking on single lane undivided dual carriage road, judge whether overtaking is required in this condition and not to overtake any vehicle if front on coming traffic is available.
A41: =A40+1 -> 40 | B41: 45351 | C41: K.Gopinath | D41: 0.71319444 | E41: GJ16AW1575 | F41: Kamal Dev | G41: AGP/LNG/163 | H41: Ennore | I41: Near miss observed :- @17:07:17hrs, Tanker was running at 2 way lane road and there was gap in median, Few bike riders was trying to cross the intersection as tanker driver seen, then he stopped the vehicle and let them cross (Refer video -1). After few meter one more gap in median was there on the same, one bike rider cross the road suddenly and tanker driver didn't observed and didn't slow down his vehicle. As bike driver was too fast so incident avoided. (Refer video-2) observation :- At that time 2nd driver was on phone, 1st driver didn't noticed bike rider. Kindly educate the driver on always to be cautious at gap in median for Haphazard movement and educate codrivers need to assist the main driver at this type of road, traffic condition by giving hand single to the traffic for smooth running and even alert the main driver to stop if required.
A42: 41 | B42: 45354 | C42: V. Praveen Kumar | D42: 0.475 | E42: KA01AM5285 | F42: KIRAN KUMAR | G42: AGP/CNG/BKR/06 | H42: BKR | I42: vehicle was coming out from the safe parking place ( MS Koppal) , when vehicle was merging from service road to main road one bike ride was coming from wrong side. But due to search of something in the pocket the driver left both hand of the steering and also not looking towards the road. Vehicle start drifting towards the bike rider at the last second driver steer the vehicle towards opposite side and incident avoided.
A43: =A42+1 -> 42 | B43: 45356 | C43: K.Gopinath | D43: 0.325 | E43: RJ19GH8324 | F43: Man Singh | G43: AGP/CNG/BJJ/030 | H43: BJJ | I43: Near-miss observed @07:48:56hrs: A third party passenger car was parked on left side of the road, MCV driver steered the vehicle due to which MCV vehicle was very close to opposite on-coming vehicle and incident was avoided. Kindly instruct the driver to maintain minimum clearance with opposite vehicle on double lane road
A44: =A43+1 -> 43 | B44: 45360 | C44: Harish | D44: 0.98077546 | E44: KA01AN2554 | F44: K ACHARI | G44: AGP/CNG/ANK/5050 | H44: ANK | I44: Driver was driving on a single lane undivided construction road. At around 23:32:19hrs front running 3rd party vehicle Mahindra camper over loaded vehicle driver steered the vehicle towards his right side due to unbalanced condition and stopped, at the same time Innova with siren following our MCV. In this condition MCV steered the vehicle towards left side and negotiating through a less space on mud area part available at road shoulder and crossed the location, then siren Innova car overtook from right side. Luckily incident avoided by the MCV driver. To give way for Innova siren car, need not to cross the unsafe area and provide way but we'll in advance slow down the vehicle and pass the car and after clearance MCV should have moved.
A45: =A44+1 -> 44 | B45: 45364 | C45: K.Gopinath | D45: 0.72361111 | E45: RJ19GH7454 | F45: Bhanwar Dan | G45: AGP/CNG/BJJ/123 | H45: BJJ | I45: RJ19GH7454 - Near-miss cases reported while monitoring Location - BJJ and time 17:22:30 hrs :- MCV was moving on right side lane inside City location and following Near-miss reported 1) Bike moved from right side to left side in front of our MCV 2) Passenger Auto moved from right side to left side in-front of commercial auto blue colour running infront of our MCV recorded in camera (Not related to MCV but for knowledge purpose) 3) Bike moved from left side to right side at Gap in median and suddenly moved in front of tractor which was taking u-turn, tractor stopped and avoided incident. Recorded in Right side camera. Kindly share the above Near-miss and educate on Slowdown at intersection, give way for Small vehicle road users (Car, Bike) and to right side traffic vehicles.
A46: =A45+1 -> 45 | B46: 45364 | C46: K.Gopinath | D46: 0.76527778 | E46: TN88J2146 | F46: Indresh Kumar Tiwari | G46: AGP/LNG/298 | H46: Dahej | I46: TN88J2146 Near-miss case and Good observation noticed while monitoring 18:22:27 hrs :- Tanker was moving on its left side lane on 4 lane dual carriage divided road and following Near-miss and Good Observation noticed:- Good Observation: Tanker driver was driving on left side of the lane, speed with respect to road/traffic condition, observing mirrors regularly, steering position 9:3, avoided incident with speeded third party tanker which overtook and came on its lane, also incident avoided with scooty rider which moved suddenly from its location, left side of the tanker. Near-miss: Tanker driver slow down the vehicle so that incident avoided with scooty and he tried to move suddenly from stationary position. Kindly share to other drivers on Good observations to adopt while Driving (Expect the Unexpected).
A47: =A46+1 -> 46 | B47: 45366 | C47: Vijayan G | D47: 0.54375 | E47: KA01AM4883 | F47: Mahesh t | G47: AGP/LNG/110 | H47: Ennore | I47: Tanker was taking right turn for weighment through Gap in median from its lane, at that time one third party truck was standing there, our driver did not judge the turning radius while making the turn and 2nd driver who was observing and guiding the 1st driver, saw the gap was less then informed the 1st driver to stop the vehicle, thereby incident avoided.
A49: 47 | B49: 45360 | C49: Harish | D49: 0.47569444 | E49: KA01AM4286 | F49: Dileep B J | G49: AGP/LNG/301 | H49: Kochi | I49: Our Tanker was moving on its left side lane at the same time opposite third-party vehicle car without any intimation crossing the road at the same time bus from opposite right side lane, which is a traffic area and there may be sudden haphazard movements. But Second driver is sitting on co-driver seat with on phone in this traffic road condition, without guiding driver. Train the drivers accordingly to guide the main driver or let them sleep on their berth.
A50: =A49+1 -> 48 | B50: 45374 | C50: Vijayan G | D50: 0.56597222 | E50: KA01AN2553 | F50: IMRAN KHAN | G50: AGP/CNG/BKR/19 | H50: BKR | I50: Our MCV was running right side lane, since a car from opposite side tried to cross the road from right side to left side of our vehicle. Luckily our MCV driver was observed and slow down the vehicle suddenly to avoid the collision. Kindly share this Near-miss with all drivers and educate on Slowdown at intersection, give way for Small vehicle road users (Car, Bike) & to right side traffic vehicles, hand position on steering 9:3 and to drive on left side of the lane.
A51: 49 | B51: 45372 | C51: K.Gopinath | D51: 0.60208333 | E51: KL07DC0913 | F51: HARI KRISHNAN G | G51: AGP/CNG/AKT/083 | H51: AKT | I51: Near-miss observed while monitoring @14:27:40hrs:- A bus coming from opposite lane takes a sudden U turn to the lane of our MCV, driver observed, then slow down the vehicle thereby incident avoided. Kindly share this incident with other drivers and create awareness accordingly.Near-miss observed while monitoring @14:27:10hrs:- A thrid party near-miss observed and recorded in front camera: A third party bike rider overtook our MCV and moved forward. A thrid party auto took U-turn suddenly but bike rider steered and moved, thereby incident avoided. Kindly share this incident with drivers.
A52: =A51+1 -> 50 | B52: 45376 | C52: K.Gopinath | D52: 0.61805556 | E52: AP39UG3757 | F52: M Sreenivasulu | G52: AGP/CNG/NLR/0018 | H52: Nellore | I52: Near-miss observed while monitoring at 21:47:23hrs: Our MCV was moving on right lane, city area while negotiating Gap in median, passenger car was taking u-turn, a bike rider moved from left side, came infront of MCV and took u-turn. Near-miss reported since MCV driver did not confirm left side through mirror, with out confirmation, moved the vehicle. This is 2nd case of type of nera-miss reported again within gap of 2 days. So, Kindly share this with all drivers and educate on Key 1 (Aim High on Steering) while negotiating Gap in median/ intersection - Follow STOP/SEE/GO, Give way to smaller vehicles, right side moving vehicles, already want to take u-turn etc.,. observe and confirm periodical mirror view, steering position 9:3. Kindly share the attendance to HO Logistics.
A53: 51 | B53: 45377 | C53: Deepak | D53: 0.51041667 | E53: KA01AM4286 | F53: RENJITH.S.R | G53: AGP/LNG/148 | H53: Kochi | I53: Good Observation Tanker Driver following proper MSM rule for overtaking the forward slow-moving vehicle, Tanker Driver giving proper hand signal to the 3rd party auto rear side (which was trying to overtake Tanker), Tanker Driver scanning the mirror regularly, After clearance provided space for overtaking the auto.
A54: =A53+1 -> 52 | B54: 45385 | C54: K.Gopinath | D54: 0.41111111 | E54: KL41U2912 | F54: JOSVIN | G54: AGP/CNG/AKT/014 | H54: AKT | I54: Near miss observed during daily monitoring for tipper driver @09:52:42hrs, MCV was running at under construction road in which only one lane is available for traffic flow, Third party tipper driver try to overtake the bus which was coming from opposite direction of MCV and driver ignoring our MCV. Our MCV driver steered the vehicle towards left side and avoided the incident. Kindly educate all the drivers on always be aware about this type of reckless drivers by adopting expecting the unexpected principle.
A55: 53 | B55: 45386 | C55: N.Rajesh Kumar | D55: 0.39375 | E55: TN88J0306 | F55: Manikandan.D | G55: AGP/CNG/Vellor/012 | H55: KNCP | I55: Third party incident recorded through DBMS, @09:27:55hrs:- Our MCV was running on 4 lane dual carriage road left side, at that time one bike rider overtook the MCV through RH side. As there was a speed braker at that place. Bike rider didn't observed that same and jump the speed breaker, As bike rider was at high speed he fell Infront of right side lane of the MCV and not related to our MCV. Kindly share and educate all the drivers on always be cautious while negotiating with pedestrians, bike rider and always follow the lane Discipline while driving (Left Side Lane).
A56: 54 | B56: 45390 | C56: Vijayan G | D56: 0.63819444 | E56: TN88J2644 | F56: SURENDRA BABU A | G56: AGP/CNG/KOL/014 | H56: Kolar | I56: Our MCV was running on left lane on two lane dual carriage divided road, third party vehicle running on same lane which was in front of our MCV. Third party vehicle driver was trying to cross the road from left side to right side of road but our driver didn't slowdown the vehicle, steered towards right and moved forward, not allowed him to cross the road. Luckily third party driver stopped the vehicle suddenly to avoid the collision.
A57: 55 | B57: 45390 | C57: Vijayan G | D57: 0.72430556 | E57: RJ14GQ3900 | F57: Shri Ram | G57: AGP/CNG/BJJ/109 | H57: BJJ | I57: Near-miss observed while monitoring@17:23:54hrs:- Our MCV was running on right side lane, third party vehicle was trying to cross the road from left side to right side which was coming from left side road of our MCV at intersection road, but our driver didn't slowdown the vehicle moving forward without slowing down the speed and not allowed him to cross the road. Luckily third-party driver stopped the vehicle suddenly to avoid the collision. Kindly share this Near-miss with all drivers and educate on slowing down the vehicle at intersection and give the way for third party vehicle for crossing the road/smaller vehicles, avoid negotiating the intersection without stopping.
A58: 56 | B58: 45395 | C58: K.Gopinath | D58: 0.475 | E58: KL41U2912 | F58: JOSVIN | G58: AGP/CNG/AKT/014 | H58: AKT | I58: Near miss observed while monitoring @11:24:30hrs. On a single lane dual carriage undivided road, when our MCV is traveling towards a single lane bridge road. A third party biker also try to move towards the bridge, simultaneously movement in opposite lane observed but our MCV driver observed and tried to move first instead of giving way to bike rider, started with road rage on rider Kindly educate the drivers on first slow down, give way to other road users especially to smaller vehicles (Bike rider, Car, LCV) on such road conditions, don't try to move first or negotiate early steering with such road users and do not involve in road rage with others while driving
A59: 57 | B59: 45395 | C59: Ramachandran | D59: 0.66597222 | E59: KL41U3480 | H59: AKT | I59: Near miss observed while monitoring @15:59:50hrs. MCV was moving on single lane undivided dual carriage road. A bus was trying to overtake the MCV and simultaneously car coming from opposite direction took left turn and came in front of the MCV. Driver steered the vehicle towards right and avoided the incident. In this case driver didn't apply brake since he know bus is following closely with MCV. Kindly educate the drivers on first slow down, give way to such urgent fast moving bus, don't try to move along with such bus and driver would have got chance to avoid this Near-miss.
A60: 58 | B60: 45396 | C60: K.Gopinath | D60: 0.42916667 | E60: TN13AB7517 | F60: Muniyandi M | G60: AGP/CNG/KANCHI/092 | H60: KNCP | I60: Near-miss observed while monitoring @10:19:00hrs:- Our MCV was travelling on right lane divided road, city traffic area. A TNSRTC bus was exiting from bus stand and tried to merge with the traffic by turning towards left from 3rd lane to 2nd lane and clearance was less with our MCV. MCV driver steered towards the right side near divider and avoided incident. Driver did not slow the down the vehicle well in advance to allow the bus to take turn. Kindly educate the driver to slow down in this case and not to steered or negotiate with available space.
A61: 59 | B61: 45396 | C61: Vijayan G | D61: 0.6625 | E61: KL41U2912 | F61: JOSVIN | G61: AGP/CNG/AKT/014 | H61: AKT | I61: Our MCV was running on right side of divided road with Metro construction, one bus was stopped at left side of road which is in frontside of our MCV. When our MCV moving towards the bus, bus driver was steering to right-side and suddenly took left side but our MCV driver did not stopped to allow bus instead moved with space available and luckily incident avoided. Kindly share this Near-miss with all drivers, educate on to stop the vehicle, give way for public or smaller vehicles, less clearance and avoid negotiating to move fast when the public bus is in movement with little clearance for the forward movement.
A62: 60 | B62: 45397 | C62: K.Gopinath | D62: 0.42986111 | E62: TN13AB7517 | F62: Muniyandi M | G62: AGP/CNG/KANCHI/092 | H62: KNCP | I62: TN13AB7517- Near-miss observed while monitoring @10:19:00hrs:- Our MCV was travelling on right lane divided road, city traffic area. A TNSRTC bus was exiting from bus stand and tried to merge with the traffic by turning towards left from 3rd lane to 2nd lane and clearance was less with our MCV. MCV driver steered towards the right side near divider and avoided incident. Driver did not slow the down the vehicle well in advance to allow the bus to take turn. Kindly educate the driver to slow down in this case and not to steered or negotiate with available space.
A63: 61 | B63: 45405 | C63: K.Gopinath | D63: 0.40069444 | E63: TN33BY1343 | F63: Govindan C | G63: AGP/CNG/KANCHI/117 | H63: KNCP | I63: MCV was entering to DBS, at the same time a bike rider suddenly crossed the MCV. Incident was avoided. MCV driver did not stopped to give way to two wheeler but tried to steer the vehicle
A64: 62 | B64: 45406 | C64: K.Gopinath | D64: 0.39166667 | E64: TN88J0415 | F64: Arulmani M | G64: AGP/CNG/KANCHI/113 | H64: KNCP | I64: Near-miss observed while monitoring @09:24:23hrs:- MCV was moving on left lane, a third party tanker which was moving on middle lane moved forward very closely with our MCV. MCV driver steering position was 9:3, observed mirror & steered the MCV, applied harsh braking and avoided the incident. Kindly share the incident with all drivers.
A65: 63 | B65: 45420 | C65: Deepak | D65: 0.525 | E65: TN88J3012 | F65: Kalaiyarasan A | G65: AGP/CNG/VEL/016 | H65: Vellore | I65: Vehicle was running on 4 lane divided road with light traffic, One bike rider was running in-front of the vehicle with pillion rider. While running bike got puncher on road and bike rider try to control the vehicle but not able to do the same. Bike pillion rider fell down in-front of our vehicle. Our driver stopped the vehicle immediately and incident was avoided. This near miss was reported by the driver to LLP. Kindly share this near-miss and educate all the driver to be cautious while running with Haphazard movement. And always report any Near-miss if observed or experienced.
A66: 64 | B66: 45421 | C66: Praveen Kumar V | D66: 0.61666667 | E66: KA01AL9119 | F66: Anil Kumar Verma | G66: AGP/LNG/294 | H66: Dahej | I66: Tanker was negotiating speed reduction barricade which was kept ahead of gap in median on 4 lane divided road. A bike rider crossed gap in median, from right to left suddenly in-front of tanker, our tanker driver observed and slow down thereby avoided incident
A67: 65 | B67: 45423 | C67: K.Gopinath | D67: 0.45208333 | E67: KL41U2898 | F67: GOPAN K | G67: AGP/CNG/AKT/097 | H67: AKT | I67: MCV was running on construction road single lane undivided dual carriage road diverted to other lane condition While merging to actual lane from right side to left side, a fast moving bus overtook and came infront of the MCV, driver slow down the vehicle and avoided the incident
A68: 66 | B68: 45428 | C68: K.Gopinath | D68: 0.36458333 | E68: KA01AM4880 | F68: Raja P | G68: AGP/LNG/134 | H68: Kochi | I68: Near-miss observed while monitoring @08:45:09hrs Tanker KA01AM4880 was moving on single lane undivided road, an open body truck loaded with provisions came from left side opposite in-front of Tanker. Well in-advance tanker driver observed and stopped the vehicle and allowed truck to move, second driver was on phone, started guiding traffic Kindly share this case with all other drivers
A69: 67 | B69: 45428 | C69: K.Gopinath | D69: 0.37777778 | E69: KL07DC0562 | F69: SUNIL KUMAR | G69: AGP/CNG/AKT/060 | H69: AKT | I69: KL07DC0562 - Near-miss observed while monitoring @09:04:12hrs: MCV was moving on single lane narrow road, from left side a school van merged on MCV lane without noticing. MCV driver slow down the vehicle and give way for the same and incident avoided Kindly share this case with all other drivers.
A70: 68 | B70: 45440 | C70: K.Gopinath | D70: 0.3 | E70: KA01AM9727 | F70: SHEKAR R | G70: AGP/CNG/UHS/36 | H70: UHS | I70: Near Miss :- MCV travelling on a single lane dual carriage undivided road, A bus from opposite side overtaking third-party vehicle crossing his lane and came in-front of our MCV. Incident avoided by steering to left by our MCV driver.Kindly educate driver Hazard associated with Single lane driving & driver behaviour and to hold the steering at 9:3.
A71: 69 | B71: 45442 | C71: Vijayan G | D71: 0.76252315 | E71: KA01AP0645 | F71: Nand kumar | G71: AGP/CNG/KV/003 | H71: KV | I71: Our MCV was running on right side of the road, divided 4 lane city traffic condition. since there is a third party car was trying to take left side at intersection area which is coming from left side of our vehicle, to avoid the collision our MCV driver applied brake suddenly, took right side instead of slowing down and giving way to the car
... A87: 85 | B87: 45494 | C87: Vijayan G | D87: 0.48819444 | E87: NL01AH0275 | F87: Santosh Kumar Mishra | G87: AGP/LNG/252 | H87: Kochi | I87: while monitoring at 11:44:05hrs:- -NL01AH0275- Our tanker was running on single undivided dual carriage road, a car was parked at left side of the road, tanker was moving near to the car, the car driver took right suddenly to move forward without seeing the mirror and signal then Our tanker driver observed and applied brake suddenly to avoid collision and given way for the car.So Kindly share this with all drivers to create awareness and educate on being more vigilant while driving about such vulnerable or rash driving car drivers.
A88: 86 | B88: 45496 | C88: Lokesh S | D88: 0.63541667 | E88: KA01AN7744 | F88: SATHISH C S | G88: AGP/CNG/MMC/005 | H88: MMC
A89: 87 | B89: 45496 | C89: Vijayan G | D89: 0.92013889 | E89: TN87B6483 | F89: Jibin J | G89: AGP/LNG/335 | H89: Ennore | I89: Near-miss observed while monitoring @22:06:26hrs: TN87B6483 -Our Tanker was running on divided road, one pedestrian have crossed the road from left side to right side of road. our Tanker driver observed, applied brake and slow down to avoid the accident. So Kindly share this case with all drivers and educate them to be more cautious while driving about such vulnerable road users mainly pedestrian, bike and cars.
A90: 88 | B90: 45513 | C90: Vijayan G | D90: 0.37222222 | E90: KA01AM9804 | F90: Rajesha G | G90: AGP/CNG/CHK/444 | H90: CHK | I90: Near-miss observed while monitoring @08:56:59hrs:- KA01AM9804-Our MCV was running on undivided single lane road, a third-party passenger car was running on same lane, which was moving in-front of our MCV. There was a road humps to reduce speed, but our driver did not observe in-advance and observed after the car slow down its speed to negotiate, then MCV driver applied brake suddenly to avoid the accident.Kindly share this case with all drivers and educate accordingly to be more cautious while driving and follow the DDT Skills (5Keys).
A91: 89 | B91: 45645 | C91: K.Gopinath | D91: 0.51736111 | E91: KA01AN9656 | F91: Apparaya | G91: AGP/CNG/KV/022 | H91: KV | I91: Our MCV is travelling on single lane road, While crossing the traffic signal suddenly a biker came infront of our MCV, Driver observed and avoided collision but he made road rage which to be avoided while driving
A92: 90 | B92: 45703 | C92: K.Gopinath | D92: 0.575 | E92: KA01AM7383 | F92: RAJANNA E | G92: AGP/CNG/UHS/69 | H92: UHS | I92: Nearmiss Observed KA01AM7383 (13:48:18) - Our MCV was travelling on a single-lane undivided road. While nearing a curve, a third-party vehicle in front of our MCV suddenly slowed down due to an ambulance coming from the opposite direction. Our MCV Driver observes it and applied the brake suddenly to avoid a collision with the third-party vehicle. However, Our MCV Driver exhibited road rage, which should be avoided while driving
A93: 91 | B93: 45764 | C93: Abu | D93: 0.65069444 | E93: KA01AN9662 | F93: KOVISITHAN | G93: AGP/CNG/MMC/036 | H93: MMC | I93: It has been observed that Vehicles are loading without wheel chock at Kalinghanali Station which may resulting in incident(High risk of unman vehicle movement).
A94: 92 | B94: 45817 | C94: K.Gopinath | D94: 0.65694444 | E94: GJ16AW0075 | F94: UPENDRA YADAV | G94: AGP/LNG/436 | H94: Dahej | I94: LNG tanker GJ16AW0075 was traveling on a dual carriageway divided road, a third-party vehicle approached from the right side at an intersection and attempted to cross the road. Upon noticing this, our driver promptly applied the brakes to avoid a potential collision
A95: 93 | B95: 45868 | C95: Lokesh S | D95: 0.46319444 | E95: KA01AM9662 | F95: SIDDAIAH (DT) | G95: AGP/CNG/MMC/018 | H95: MMC | I95: The loaded vehicle KA01AM9662 was in enroute from MS Kalinganahalli to Kempegowda SS Mandya. At around 11:07hrs near Chandagalu village, a high-speeded 3rd party truck approached from the opposite direction on single undivided narrow road. To avoid a head-on collision, 3rd party truck driver steered left (blind spot for third-party driver) and as a result of his actions, the third-party truck veered off the road and narrowly avoided rolling over. Our driver handled the situation very effectively and safely.
A96: 94 | B96: 45916 | C96: Vijayan G | D96: 0.52777778 | E96: UP53HT0676 | F96: Murugan R | G96: AGP/CNG/VEL/038 | H96: Vellore | I96: Our MCV was travelling on a single lane two way undivided road. As it was approaching a curve, a third-party vehicle was parked left side of the road, near the bend. MCV was trying to cross the parked vehicle, since another third-party vehicle was also trying to pass from the opposite direction, our MCV driver noticed lack of clearance and applied the brakes suddenly to avoid a collision to allow the oncoming vehicle safely thereby avoiding incident. Kindly share this case with all drivers and educate them to be more cautious on such congested with vulnerable road users such as pedestrian - who ran away from right to left, haphazard movements by bike riders and follow the DDT 5 Key Skills to be defensive driver.
A97: 95 | B97: 45937 | C97: Karthikeyan S | D97: 0.42152778 | E97: TN88K5359 | F97: Gopi S | G97: AGP/CNG/VEL/040 | H97: Vellore | I97: TN88K5359-Near-Miss observed with Vellore GA at location: Kalpudur :- Our MCV was travelling on a dual- lane two way divided road. As it was approaching U- Turn and need to u-turn, third-party vehicles was continuously moving on road, near the gap in median. MCV was trying to cross the Road slowly, since another third-party vehicle suddenly pass in-front of our moving MCV, our MCV driver noticed lack of clearance and applied the brakes suddenly to avoid a collision to allow the bikes and car safely thereby avoiding incident and showing road rage with bike rider. Kindly share this case with all drivers and educate them to be more cautious on such congested with vulnerable road users such as haphazard movements by bike riders and sudden movement by car, Avoid road rage, Follow the STOP SEE GO, Right of way, Give way techniques and DDT 5 Key Skills to be defensive driver.
A98: 96 | B98: 46013 | C98: K.Gopinath | D98: 0.6 | E98: KA01AM6187 | F98: MANJUNATHA A N | G98: AGP/CNG/CHK/471 | H98: MMC | I98: KA01AM6187 - Near-miss observed: HCV 6187 Seat belted driver was moving on 1st lane in city limits with 37KMPH speed, a two-wheeler overtook from left side and came in front of HCV and was behind third-party car. At 4 way junction signal was to stop, car suddenly took left and moved forward, on seeing this maneuver two-wheeler suddenly stopped immediately. HCV driver observed both actions and stopped thereby avoiding incident. Kindly educate the drivers on DDT skills, observe vulnerable road users - two-wheeler and car, to be cautious at junctions to expect such sudden movements.
A99: 97 | B99: 46045 | C99: S Prabakaran | D99: 0.70902778 | E99: KL41V9675 | F99: ANEESH MON | G99: AGP/CNG/AKT/089 | H99: AKT | I99: Near-miss observed while monitoring: KL41V9675 HCV was moving rear side of KLSRTC, a third-party car suddenly took U-turn from left to right side of the road. So our driver slowed down well in advance. But the school bus which was coming in opposite side need to apply sudden brake due to maneuver of Car thereby avoiding incident, Near-miss recorded in front camera. HCV driver stopped very close to allow the school bus to take right turn without clearance. Instruct the HCV driver to maintain clearance and share the near-miss accordingly with all drivers.
A100: 98 | B100: 46047 | C100: S Prabakaran | D100: 0.49583333 | E100: KA01AM9727 | F100: SHAIRALI MAKANDAR | G100: AGP/CNG/UHS/86 | H100: UHS | I100: Near-miss observed while monitoring KA01AM9727: Our HCV was moving on its lane, bike overtook the HCV Vehicle from right side and stopped suddenly to avoid collision with third-party car which turned from right to left side of the road thereby near-miss recorded. our HCV driver Slow down the vehicle well in advance. Bike tried to move but another bike was stopped beside and avoided collision thereby near-miss recorded. Bike vulnerable rash driving was observed and we are sharing the road with such riders and drivers. So be cautious about such road users and avoid road rage, compete with them, just let them go ahead. Share the case with all drivers and record it accordingly.
... A109: 105 | B109: 46097 | C109: S Prabakaran | D109: 0.93541667 | E109: KA01AM7140 | F109: Honnappa Y Bhajantri | G109: AGP/CNG/CTR/60 | H109: UHS | I109: Near-miss observed while monitoring:KA01AM7140 Our HCV was moving normally on the left side (right lane) of the road .Traffic on the road was moderate at that time. A Tata Ace vehicle was moving ahead infront of our HCV. Suddenly, another Tata Ace came from the opposite direction attempted to take a U-turn. Tata Ace moving near our vehicle applied sudden brake. Observing this situation immediately, our HCV driver applied sudden brake to control the vehicle, thereby avoiding a potential incident but near-miss reported.

Sheet EMERGENCY NO 
A1: S.No | B1: GA NAME | C1: EMERGENCY NO | D1: GA Control Center Contacts
A2: 1 | B2: AKT | C2: 7358278111 | D2: 7358278111
A4: 2 | B4: ANK | C4: 8056901333 | D4: 8056901333
A5: 3 | B5: BJJ | C5: 7358067890 | D5: 9773341800
A6: 4 | B6: BKR | C6: 8220584222 (R) | D6: 8220584222 (R)
C7: 8925818562 (K)
C8: 8925818561 (B)
A9: 5 | B9: CHK | C9: 8220539222 | D9: 8220539222
A10: 6 | B10: CVK-C | C10: 9677110001 | D10: 9677110001
A11: 7 | B11: CVK-VK | C11: 8056847333 | D11: 8056847333/9123555943
A12: 8 | B12: KAN | C12: 8056586333 | D12: 8056586333
A13: 9 | B13: KV | C13: 8220463222 | D13: 8472200673
A14: 10 | B14: MMC | C14: 7358550022 | D14: 7358550022/8925818560
A16: 11 | B16: NLR | C16: 7200108123 | D16: 7200108123
A17: 12 | B17: RMN | C17: 7358253999 | D17: 7358253999
A18: 13 | B18: UHS | C18: 8754106222 | D18: 8754106222

Sheet TG Contact
A1: S.No | B1: Location | C1: Journey Manager | D1: Mobile | E1: Mail | F1: Reporting | G1: GA Head | H1: Marketing
A2: 1 | B2: Bhopal | C2: Yogesh | D2: 7045073822 & 97981 68044 & 88606 76337 | E2: Yogesh.bharmal@think-gas.com | F2: Piyush.patel | G2: DS Durgesh
A3: 2 | B3: Bhagpat | C3: Vijay &Akhil | D3: 7310505464, 9012350009 | E3: Vijay.kumar@think-gas.com &Akhil.arora@think-gas.com | F3: Parush.kohli | G3: Vikalp Shukla
A4: 3 | B4: Beguserai | C4: Rakesh | D4: 9984727872 | E4: Rakesh.singh@think-gas.com | G4: Vijay Tiwari
A5: 4 | B5: Ludhiana | C5: Gurinder & Dawinder | D5: 8699559500 , 8194876146 | E5: Gurinder.verma@think-gas.com, Dawinder.singh@think-gas.com | F5: Money sabharwal | G5: Piyush bodhana
A6: 5 | B6: Jalandar | C6: Gurinder & Dawinder | D6: 8699559500 , 8194876146 | E6: Gurinder.verma@think-gas.com, Dawinder.singh@think-gas.com | F6: Gaurav sabhawaral | G6: Vineeth kumar | H6: Prabhat.Das@think-gas.com Money.Sabharwal@think-gas.com Radharaman.gupta@think-gas.com
A7: 6 | B7: Shivpuri | C7: Yogesh | D7: 7045073822 & 97981 68044 | E7: Yogesh.bharmal@think-gas.com | F7: Tushar bari | G7: Priyank (Marketing),DS Durgesh
A8: 7 | B8: Himachal | C8: Gurinder & Dawinder | D8: 8699559500 , 8194876146 | E8: Gurinder.verma@think-gas.com, Dawinder.singh@think-gas.com
E10: Row Labels | F10: Type of Station
E11: Gopal Krishna Sarangpur | F11: DS
E12: Hakimi petroleum | F12: DS
E13: Volvo Eicher | F13: DS
E14: Gokul fuel services | F14: DS
E15: Kavi filling station | F15: DS
E16: Renuka filling station | F16: DS
E17: Jagdish filling Pachore | F17: DS
E18: LC Berasia | F18: DS
E19: SHREERAM AUTO IOCL | F19: DS
