Workbook
Name Slicer_Violations_Vehicle_Day: #N/A
Name Slicer_Violations_Vehicle_Day1: #N/A

Sheet Mail Summ
A1: GA | B1: Location | C1: No of vehicles in Operation | D1: Camera Fitted | E1: Camera not Fitted | F1: AI camera working ( 23 Feb ) | G1: ='Mar Day Summ'!B1 -> 46098 | H1: ='Mar Mon Summ'!B1 -> 46082 | I1: Violations/Vehicle/Day
A2: AKT | B2: Alapuza, Trivandrum | C2: 28 | D2: 28 | E2: 0 | F2: 24 | G2: ='Mar Day Summ'!L3 -> 2 | H2: ='Mar Mon Summ'!L3 -> 28 | I2: =IFERROR(H2/C2/DAY($G$1),0) -> 0.058823529
A3: ANK | B3: Ananthapur, Kadappa | C3: 11 | D3: 11 | E3: 0 | F3: 10 | G3: ='Mar Day Summ'!L4 -> 0 | H3: ='Mar Mon Summ'!L4 -> 5 | I3: =IFERROR(H3/C3/DAY($G$1),0) -> 0.026737968
A4: Baghpat | B4: Baghpat | C4: 20 | D4: 20 | E4: 0 | F4: 0 | G4: ='Mar Day Summ'!L5 -> 1 | H4: ='Mar Mon Summ'!L5 -> 4 | I4: =IFERROR(H4/C4/DAY($G$1),0) -> 0.011764706
A5: Begusarai | B5: Begusarai | C5: 4 | D5: 4 | E5: 0 | F5: 0 | G5: ='Mar Day Summ'!L6 -> 0 | H5: ='Mar Mon Summ'!L6 -> 0 | I5: =IFERROR(H5/C5/DAY($G$1),0) -> 0
A6: Bhopal | B6: Bhopal / Shivpuri | C6: 44 | D6: 44 | E6: 0 | F6: 10 | G6: ='Mar Day Summ'!L7 -> 1 | H6: ='Mar Mon Summ'!L7 -> 14 | I6: =IFERROR(H6/C6/DAY($G$1),0) -> 0.018716578
A7: BJJ | B7: Jodhpur | C7: 51 | D7: 46 | E7: 5 | F7: 42 | G7: ='Mar Day Summ'!L8 -> 1 | H7: ='Mar Mon Summ'!L8 -> 11 | I7: =IFERROR(H7/C7/DAY($G$1),0) -> 0.012687428
A8: BKR | B8: Bagalkot, Raichur | C8: 11 | D8: 11 | E8: 0 | F8: 11 | G8: ='Mar Day Summ'!L9 -> 0 | H8: ='Mar Mon Summ'!L9 -> 1 | I8: =IFERROR(H8/C8/DAY($G$1),0) -> 0.0053475936
A9: Chittoor | B9: Tirupathi | C9: 14 | D9: 11 | E9: 3 | F9: 10 | G9: ='Mar Day Summ'!L10 -> 0 | H9: ='Mar Mon Summ'!L10 -> 0 | I9: =IFERROR(H9/C9/DAY($G$1),0) -> 0
A10: CHK | B10: Hassan | C10: 13 | D10: 13 | E10: 0 | F10: 8 | G10: ='Mar Day Summ'!L11 -> 0 | H10: ='Mar Mon Summ'!L11 -> 2 | I10: =IFERROR(H10/C10/DAY($G$1),0) -> 0.0090497738
A11: Dahej | B11: Dahej | C11: 25 | D11: 22 | E11: 3 | F11: 22 | G11: ='Mar Day Summ'!L12 -> 1 | H11: ='Mar Mon Summ'!L12 -> 13 | I11: =IFERROR(H11/C11/DAY($G$1),0) -> 0.030588235
A12: Ennore | B12: Ennore/Dabhol | C12: 23 | D12: 23 | E12: 0 | F12: 23 | G12: ='Mar Day Summ'!L13 -> 2 | H12: ='Mar Mon Summ'!L13 -> 17 | I12: =IFERROR(H12/C12/DAY($G$1),0) -> 0.043478261
A13: Hazira | B13: Hazira | C13: 1 | D13: 1 | E13: 0 | F13: 1 | G13: ='Mar Day Summ'!L14 -> 0 | H13: ='Mar Mon Summ'!L14 -> 1 | I13: =IFERROR(H13/C13/DAY($G$1),0) -> 0.058823529
... A23: Vellore | B23: Vellore | C23: 13 | D23: 12 | E23: 1 | F23: 9 | G23: ='Mar Day Summ'!L24 -> 0 | H23: ='Mar Mon Summ'!L24 -> 3 | I23: =IFERROR(H23/C23/DAY($G$1),0) -> 0.013574661
A24: Total | C24: =SUM(C2:C23) -> 449 | D24: =SUM(D2:D23) -> 429 | E24: =SUM(E2:E23) -> 20 | F24: =SUM(F2:F23) -> 301 | G24: =SUM(G2:G23) -> 12 | H24: =SUM(H2:H23) -> 159 | I24: =IFERROR(H24/C24/DAY($G$1),0) -> 0.020830604

Sheet Mail Summ2
A1: Highest Violations Contributor GA/Terminal | E1: Best Performer GA/Terminal
A3: GA | B3: Violations/Vehicle/Day | C3: Highest Violation Contributer | E3: Row Labels | F3: Violations/Vehicle/Day | G3: Best performer
A4: Kolar | B4: 0.14705882 | C4: Month | D4: =MAX('Mail Summ'!I2:I23) -> 0.14705882 | E4: Chittoor | F4: 0 | G4: Month | H4: =MIN('Mail Summ'!I2:I23) -> 0
A5: AKT | B5: 0.058823529 | C5: GA | D5: {=_xlfn.TEXTJOIN(", ",TRUE,IF('Mail Summ'!I2:I23=D4,'Mail Summ'!A2:A23,""))} -> Kolar | E5: Begusarai | F5: 0 | G5: GA | H5: {=_xlfn.TEXTJOIN(", ",TRUE,IF('Mail Summ'!I2:I23='Mail Summ2'!H4,'Mail Summ'!A2:A23,""))} -> Begusarai, Chittoor, RMN
A6: Hazira | B6: 0.058823529 | C6: Day | D6: =MAX('Mail Summ'!G2:G23) -> 2 | E6: RMN | F6: 0 | G6: Day | H6: =MIN('Mail Summ'!G2:G23) -> 0
A7: Kochi | B7: 0.052631579 | C7: GA | D7: {=_xlfn.TEXTJOIN(", ",TRUE,IF('Mail Summ'!G2:G23=D6,'Mail Summ'!A2:A23,""))} -> AKT, Ennore, KNCP | E7: UHS | F7: 0.0024509804 | G7: GA | H7: {=_xlfn.TEXTJOIN(", ",TRUE,IF('Mail Summ'!G2:G23=H6,'Mail Summ'!A2:A23,""))} -> ANK, Begusarai, BKR, Chittoor, CHK, Hazira, Jalandhar, KNV, Kolar, MMC, Nellore, RMN, Vellore
A8: Ennore | B8: 0.043478261 | E8: BKR | F8: 0.0053475936
A9: Dahej | B9: 0.030588235 | E9: Nellore | F9: 0.0053475936
A10: ANK | B10: 0.026737968 | E10: KNV | F10: 0.0065359477
A11: Jalandhar | B11: 0.021116139 | E11: MMC | F11: 0.0078431373
A12: Bhopal | B12: 0.018716578 | E12: CHK | F12: 0.0090497738
A13: KNCP | B13: 0.018255578 | E13: Baghpat | F13: 0.011764706
A14: Vellore | B14: 0.013574661 | E14: BJJ | F14: 0.012687428
A15: Grand Total | B15: 0.14705882 | E15: Grand Total | F15: 0.06102716

Sheet Mar Day Summ
A1: Report For Date | B1: =MAX('Soruce file '!B:B)-1 -> 46098
A2: Location | B2: Mobile Usage | C2: No Seatbelt | D2: Yawning | E2: Driver Fatigue | F2: Harsh Braking | G2: Over speed | H2: Sudden Acceleration | I2: Camera Anomaly | J2: Continuous Driving | K2: Night Driving | L2: Total
A3: AKT | B3: =IFERROR(SUMIFS(INDEX('Soruce file '!$A:$Z, 0, MATCH("Mobile Usage", 'Soruce file '!$1:$1, 0)), INDEX('Soruce file '!$A:$Z, 0, MATCH("Date", 'Soruce file '!$1:$1, 0)), $B$1, INDEX('Soruce file '!$A:$Z, 0, MATCH("GA*", 'Soruce file '!$1:$1, 0)), $A3), 0) -> 1 | C3: =IFERROR(SUMIFS(INDEX('Soruce file '!$A:$Z, 0, MATCH("No Seatbelt", 'Soruce file '!$1:$1, 0)), INDEX('Soruce file '!$A:$Z, 0, MATCH("Date", 'Soruce file '!$1:$1, 0)), $B$1, INDEX('Soruce file '!$A:$Z, 0, MATCH("GA*", 'Soruce file '!$1:$1, 0)), $A3), 0) -> 0 | D3: =IFERROR(SUMIFS(INDEX('Soruce file '!$A:$Z, 0, MATCH("Yawning", 'Soruce file '!$1:$1, 0)), INDEX('Soruce file '!$A:$Z, 0, MATCH("Date", 'Soruce file '!$1:$1, 0)), $B$1, INDEX('Soruce file '!$A:$Z, 0, MATCH("GA*", 'Soruce file '!$1:$1, 0)), $A3), 0) -> 0 | E3: =IFERROR(SUMIFS(INDEX('Soruce file '!$A:$Z, 0, MATCH("Fatigue", 'Soruce file '!$1:$1, 0)), INDEX('Soruce file '!$A:$Z, 0, MATCH("Date", 'Soruce file '!$1:$1, 0)), $B$1, INDEX('Soruce file '!$A:$Z, 0, MATCH("GA*", 'Soruce file '!$1:$1, 0)), $A3), 0) -> 0 | F3: =IFERROR(SUMIFS(INDEX('Soruce file '!$A:$Z, 0, MATCH("Harsh Braking", 'Soruce file '!$1:$1, 0)), INDEX('Soruce file '!$A:$Z, 0, MATCH("Date", 'Soruce file '!$1:$1, 0)), $B$1, INDEX('Soruce file '!$A:$Z, 0, MATCH("GA*", 'Soruce file '!$1:$1, 0)), $A3), 0) -> 0 | G3: =IFERROR(SUMIFS(INDEX('Soruce file '!$A:$Z, 0, MATCH("Overspeed", 'Soruce file '!$1:$1, 0)), INDEX('Soruce file '!$A:$Z, 0, MATCH("Date", 'Soruce file '!$1:$1, 0)), $B$1, INDEX('Soruce file '!$A:$Z, 0, MATCH("GA*", 'Soruce file '!$1:$1, 0)), $A3), 0) -> 1 | H3: =IFERROR(SUMIFS(INDEX('Soruce file '!$A:$Z, 0, MATCH("Sudden Acceleration", 'Soruce file '!$1:$1, 0)), INDEX('Soruce file '!$A:$Z, 0, MATCH("Date", 'Soruce file '!$1:$1, 0)), $B$1, INDEX('Soruce file '!$A:$Z, 0, MATCH("GA*", 'Soruce file '!$1:$1, 0)), $A3), 0) -> 0 | I3: =IFERROR(SUMIFS(INDEX('Soruce file '!$A:$Z, 0, MATCH("Camera Anomaly", 'Soruce file '!$1:$1, 0)), INDEX('Soruce file '!$A:$Z, 0, MATCH("Date", 'Soruce file '!$1:$1, 0)), $B$1, INDEX('Soruce file '!$A:$Z, 0, MATCH("GA*", 'Soruce file '!$1:$1, 0)), $A3), 0) -> 0 | J3: =IFERROR(SUMIFS(INDEX('Soruce file '!$A:$Z, 0, MATCH("CD", 'Soruce file '!$1:$1, 0)), INDEX('Soruce file '!$A:$Z, 0, MATCH("Date", 'Soruce file '!$1:$1, 0)), $B$1, INDEX('Soruce file '!$A:$Z, 0, MATCH("GA*", 'Soruce file '!$1:$1, 0)), $A3), 0) -> 0 | K3: =IFERROR(SUMIFS(INDEX('Soruce file '!$A:$Z, 0, MATCH("Night Driving", 'Soruce file '!$1:$1, 0)), INDEX('Soruce file '!$A:$Z, 0, MATCH("Date", 'Soruce file '!$1:$1, 0)), $B$1, INDEX('Soruce file '!$A:$Z, 0, MATCH("GA*", 'Soruce file '!$1:$1, 0)), $A3), 0) -> 0 | L3: =SUM(B3:K3) -> 2
A4: ANK | B4: =IFERROR(SUMIFS(INDEX('Soruce file '!$A:$Z, 0, MATCH("Mobile Usage", 'Soruce file '!$1:$1, 0)), INDEX('Soruce file '!$A:$Z, 0, MATCH("Date", 'Soruce file '!$1:$1, 0)), $B$1, INDEX('Soruce file '!$A:$Z, 0, MATCH("GA*", 'Soruce file '!$1:$1, 0)), $A4), 0) -> 0 | C4: =IFERROR(SUMIFS(INDEX('Soruce file '!$A:$Z, 0, MATCH("No Seatbelt", 'Soruce file '!$1:$1, 0)), INDEX('Soruce file '!$A:$Z, 0, MATCH("Date", 'Soruce file '!$1:$1, 0)), $B$1, INDEX('Soruce file '!$A:$Z, 0, MATCH("GA*", 'Soruce file '!$1:$1, 0)), $A4), 0) -> 0 | D4: =IFERROR(SUMIFS(INDEX('Soruce file '!$A:$Z, 0, MATCH("Yawning", 'Soruce file '!$1:$1, 0)), INDEX('Soruce file '!$A:$Z, 0, MATCH("Date", 'Soruce file '!$1:$1, 0)), $B$1, INDEX('Soruce file '!$A:$Z, 0, MATCH("GA*", 'Soruce file '!$1:$1, 0)), $A4), 0) -> 0 | E4: =IFERROR(SUMIFS(INDEX('Soruce file '!$A:$Z, 0, MATCH("Fatigue", 'Soruce file '!$1:$1, 0)), INDEX('Soruce file '!$A:$Z, 0, MATCH("Date", 'Soruce file '!$1:$1, 0)), $B$1, INDEX('Soruce file '!$A:$Z, 0, MATCH("GA*", 'Soruce file '!$1:$1, 0)), $A4), 0) -> 0 | F4: =IFERROR(SUMIFS(INDEX('Soruce file '!$A:$Z, 0, MATCH("Harsh Braking", 'Soruce file '!$1:$1, 0)), INDEX('Soruce file '!$A:$Z, 0, MATCH("Date", 'Soruce file '!$1:$1, 0)), $B$1, INDEX('Soruce file '!$A:$Z, 0, MATCH("GA*", 'Soruce file '!$1:$1, 0)), $A4), 0) -> 0 | G4: =IFERROR(SUMIFS(INDEX('Soruce file '!$A:$Z, 0, MATCH("Overspeed", 'Soruce file '!$1:$1, 0)), INDEX('Soruce file '!$A:$Z, 0, MATCH("Date", 'Soruce file '!$1:$1, 0)), $B$1, INDEX('Soruce file '!$A:$Z, 0, MATCH("GA*", 'Soruce file '!$1:$1, 0)), $A4), 0) -> 0 | H4: =IFERROR(SUMIFS(INDEX('Soruce file '!$A:$Z, 0, MATCH("Sudden Acceleration", 'Soruce file '!$1:$1, 0)), INDEX('Soruce file '!$A:$Z, 0, MATCH("Date", 'Soruce file '!$1:$1, 0)), $B$1, INDEX('Soruce file '!$A:$Z, 0, MATCH("GA*", 'Soruce file '!$1:$1, 0)), $A4), 0) -> 0 | I4: =IFERROR(SUMIFS(INDEX('Soruce file '!$A:$Z, 0, MATCH("Camera Anomaly", 'Soruce file '!$1:$1, 0)), INDEX('Soruce file '!$A:$Z, 0, MATCH("Date", 'Soruce file '!$1:$1, 0)), $B$1, INDEX('Soruce file '!$A:$Z, 0, MATCH("GA*", 'Soruce file '!$1:$1, 0)), $A4), 0) -> 0 | J4: =IFERROR(SUMIFS(INDEX('Soruce file '!$A:$Z, 0, MATCH("CD", 'Soruce file '!$1:$1, 0)), INDEX('Soruce file '!$A:$Z, 0, MATCH("Date", 'Soruce file '!$1:$1, 0)), $B$1, INDEX('Soruce file '!$A:$Z, 0, MATCH("GA*", 'Soruce file '!$1:$1, 0)), $A4), 0) -> 0 | K4: =IFERROR(SUMIFS(INDEX('Soruce file '!$A:$Z, 0, MATCH("Night Driving", 'Soruce file '!$1:$1, 0)), INDEX('Soruce file '!$A:$Z, 0, MATCH("Date", 'Soruce file '!$1:$1, 0)), $B$1, INDEX('Soruce file '!$A:$Z, 0, MATCH("GA*", 'Soruce file '!$1:$1, 0)), $A4), 0) -> 0 | L4: =SUM(B4:K4) -> 0
A5: Baghpat | B5: =IFERROR(SUMIFS(INDEX('Soruce file '!$A:$Z, 0, MATCH("Mobile Usage", 'Soruce file '!$1:$1, 0)), INDEX('Soruce file '!$A:$Z, 0, MATCH("Date", 'Soruce file '!$1:$1, 0)), $B$1, INDEX('Soruce file '!$A:$Z, 0, MATCH("GA*", 'Soruce file '!$1:$1, 0)), $A5), 0) -> 0 | C5: =IFERROR(SUMIFS(INDEX('Soruce file '!$A:$Z, 0, MATCH("No Seatbelt", 'Soruce file '!$1:$1, 0)), INDEX('Soruce file '!$A:$Z, 0, MATCH("Date", 'Soruce file '!$1:$1, 0)), $B$1, INDEX('Soruce file '!$A:$Z, 0, MATCH("GA*", 'Soruce file '!$1:$1, 0)), $A5), 0) -> 1 | D5: =IFERROR(SUMIFS(INDEX('Soruce file '!$A:$Z, 0, MATCH("Yawning", 'Soruce file '!$1:$1, 0)), INDEX('Soruce file '!$A:$Z, 0, MATCH("Date", 'Soruce file '!$1:$1, 0)), $B$1, INDEX('Soruce file '!$A:$Z, 0, MATCH("GA*", 'Soruce file '!$1:$1, 0)), $A5), 0) -> 0 | E5: =IFERROR(SUMIFS(INDEX('Soruce file '!$A:$Z, 0, MATCH("Fatigue", 'Soruce file '!$1:$1, 0)), INDEX('Soruce file '!$A:$Z, 0, MATCH("Date", 'Soruce file '!$1:$1, 0)), $B$1, INDEX('Soruce file '!$A:$Z, 0, MATCH("GA*", 'Soruce file '!$1:$1, 0)), $A5), 0) -> 0 | F5: =IFERROR(SUMIFS(INDEX('Soruce file '!$A:$Z, 0, MATCH("Harsh Braking", 'Soruce file '!$1:$1, 0)), INDEX('Soruce file '!$A:$Z, 0, MATCH("Date", 'Soruce file '!$1:$1, 0)), $B$1, INDEX('Soruce file '!$A:$Z, 0, MATCH("GA*", 'Soruce file '!$1:$1, 0)), $A5), 0) -> 0 | G5: =IFERROR(SUMIFS(INDEX('Soruce file '!$A:$Z, 0, MATCH("Overspeed", 'Soruce file '!$1:$1, 0)), INDEX('Soruce file '!$A:$Z, 0, MATCH("Date", 'Soruce file '!$1:$1, 0)), $B$1, INDEX('Soruce file '!$A:$Z, 0, MATCH("GA*", 'Soruce file '!$1:$1, 0)), $A5), 0) -> 0 | H5: =IFERROR(SUMIFS(INDEX('Soruce file '!$A:$Z, 0, MATCH("Sudden Acceleration", 'Soruce file '!$1:$1, 0)), INDEX('Soruce file '!$A:$Z, 0, MATCH("Date", 'Soruce file '!$1:$1, 0)), $B$1, INDEX('Soruce file '!$A:$Z, 0, MATCH("GA*", 'Soruce file '!$1:$1, 0)), $A5), 0) -> 0 | I5: =IFERROR(SUMIFS(INDEX('Soruce file '!$A:$Z, 0, MATCH("Camera Anomaly", 'Soruce file '!$1:$1, 0)), INDEX('Soruce file '!$A:$Z, 0, MATCH("Date", 'Soruce file '!$1:$1, 0)), $B$1, INDEX('Soruce file '!$A:$Z, 0, MATCH("GA*", 'Soruce file '!$1:$1, 0)), $A5), 0) -> 0 | J5: =IFERROR(SUMIFS(INDEX('Soruce file '!$A:$Z, 0, MATCH("CD", 'Soruce file '!$1:$1, 0)), INDEX('Soruce file '!$A:$Z, 0, MATCH("Date", 'Soruce file '!$1:$1, 0)), $B$1, INDEX('Soruce file '!$A:$Z, 0, MATCH("GA*", 'Soruce file '!$1:$1, 0)), $A5), 0) -> 0 | K5: =IFERROR(SUMIFS(INDEX('Soruce file '!$A:$Z, 0, MATCH("Night Driving", 'Soruce file '!$1:$1, 0)), INDEX('Soruce file '!$A:$Z, 0, MATCH("Date", 'Soruce file '!$1:$1, 0)), $B$1, INDEX('Soruce file '!$A:$Z, 0, MATCH("GA*", 'Soruce file '!$1:$1, 0)), $A5), 0) -> 0 | L5: =SUM(B5:K5) -> 1
A6: Begusarai | B6: =IFERROR(SUMIFS(INDEX('Soruce file '!$A:$Z, 0, MATCH("Mobile Usage", 'Soruce file '!$1:$1, 0)), INDEX('Soruce file '!$A:$Z, 0, MATCH("Date", 'Soruce file '!$1:$1, 0)), $B$1, INDEX('Soruce file '!$A:$Z, 0, MATCH("GA*", 'Soruce file '!$1:$1, 0)), $A6), 0) -> 0 | C6: =IFERROR(SUMIFS(INDEX('Soruce file '!$A:$Z, 0, MATCH("No Seatbelt", 'Soruce file '!$1:$1, 0)), INDEX('Soruce file '!$A:$Z, 0, MATCH("Date", 'Soruce file '!$1:$1, 0)), $B$1, INDEX('Soruce file '!$A:$Z, 0, MATCH("GA*", 'Soruce file '!$1:$1, 0)), $A6), 0) -> 0 | D6: =IFERROR(SUMIFS(INDEX('Soruce file '!$A:$Z, 0, MATCH("Yawning", 'Soruce file '!$1:$1, 0)), INDEX('Soruce file '!$A:$Z, 0, MATCH("Date", 'Soruce file '!$1:$1, 0)), $B$1, INDEX('Soruce file '!$A:$Z, 0, MATCH("GA*", 'Soruce file '!$1:$1, 0)), $A6), 0) -> 0 | E6: =IFERROR(SUMIFS(INDEX('Soruce file '!$A:$Z, 0, MATCH("Fatigue", 'Soruce file '!$1:$1, 0)), INDEX('Soruce file '!$A:$Z, 0, MATCH("Date", 'Soruce file '!$1:$1, 0)), $B$1, INDEX('Soruce file '!$A:$Z, 0, MATCH("GA*", 'Soruce file '!$1:$1, 0)), $A6), 0) -> 0 | F6: =IFERROR(SUMIFS(INDEX('Soruce file '!$A:$Z, 0, MATCH("Harsh Braking", 'Soruce file '!$1:$1, 0)), INDEX('Soruce file '!$A:$Z, 0, MATCH("Date", 'Soruce file '!$1:$1, 0)), $B$1, INDEX('Soruce file '!$A:$Z, 0, MATCH("GA*", 'Soruce file '!$1:$1, 0)), $A6), 0) -> 0 | G6: =IFERROR(SUMIFS(INDEX('Soruce file '!$A:$Z, 0, MATCH("Overspeed", 'Soruce file '!$1:$1, 0)), INDEX('Soruce file '!$A:$Z, 0, MATCH("Date", 'Soruce file '!$1:$1, 0)), $B$1, INDEX('Soruce file '!$A:$Z, 0, MATCH("GA*", 'Soruce file '!$1:$1, 0)), $A6), 0) -> 0 | H6: =IFERROR(SUMIFS(INDEX('Soruce file '!$A:$Z, 0, MATCH("Sudden Acceleration", 'Soruce file '!$1:$1, 0)), INDEX('Soruce file '!$A:$Z, 0, MATCH("Date", 'Soruce file '!$1:$1, 0)), $B$1, INDEX('Soruce file '!$A:$Z, 0, MATCH("GA*", 'Soruce file '!$1:$1, 0)), $A6), 0) -> 0 | I6: =IFERROR(SUMIFS(INDEX('Soruce file '!$A:$Z, 0, MATCH("Camera Anomaly", 'Soruce file '!$1:$1, 0)), INDEX('Soruce file '!$A:$Z, 0, MATCH("Date", 'Soruce file '!$1:$1, 0)), $B$1, INDEX('Soruce file '!$A:$Z, 0, MATCH("GA*", 'Soruce file '!$1:$1, 0)), $A6), 0) -> 0 | J6: =IFERROR(SUMIFS(INDEX('Soruce file '!$A:$Z, 0, MATCH("CD", 'Soruce file '!$1:$1, 0)), INDEX('Soruce file '!$A:$Z, 0, MATCH("Date", 'Soruce file '!$1:$1, 0)), $B$1, INDEX('Soruce file '!$A:$Z, 0, MATCH("GA*", 'Soruce file '!$1:$1, 0)), $A6), 0) -> 0 | K6: =IFERROR(SUMIFS(INDEX('Soruce file '!$A:$Z, 0, MATCH("Night Driving", 'Soruce file '!$1:$1, 0)), INDEX('Soruce file '!$A:$Z, 0, MATCH("Date", 'Soruce file '!$1:$1, 0)), $B$1, INDEX('Soruce file '!$A:$Z, 0, MATCH("GA*", 'Soruce file '!$1:$1, 0)), $A6), 0) -> 0 | L6: =SUM(B6:K6) -> 0
A7: Bhopal | B7: =IFERROR(SUMIFS(INDEX('Soruce file '!$A:$Z, 0, MATCH("Mobile Usage", 'Soruce file '!$1:$1, 0)), INDEX('Soruce file '!$A:$Z, 0, MATCH("Date", 'Soruce file '!$1:$1, 0)), $B$1, INDEX('Soruce file '!$A:$Z, 0, MATCH("GA*", 'Soruce file '!$1:$1, 0)), $A7), 0) -> 1 | C7: =IFERROR(SUMIFS(INDEX('Soruce file '!$A:$Z, 0, MATCH("No Seatbelt", 'Soruce file '!$1:$1, 0)), INDEX('Soruce file '!$A:$Z, 0, MATCH("Date", 'Soruce file '!$1:$1, 0)), $B$1, INDEX('Soruce file '!$A:$Z, 0, MATCH("GA*", 'Soruce file '!$1:$1, 0)), $A7), 0) -> 0 | D7: =IFERROR(SUMIFS(INDEX('Soruce file '!$A:$Z, 0, MATCH("Yawning", 'Soruce file '!$1:$1, 0)), INDEX('Soruce file '!$A:$Z, 0, MATCH("Date", 'Soruce file '!$1:$1, 0)), $B$1, INDEX('Soruce file '!$A:$Z, 0, MATCH("GA*", 'Soruce file '!$1:$1, 0)), $A7), 0) -> 0 | E7: =IFERROR(SUMIFS(INDEX('Soruce file '!$A:$Z, 0, MATCH("Fatigue", 'Soruce file '!$1:$1, 0)), INDEX('Soruce file '!$A:$Z, 0, MATCH("Date", 'Soruce file '!$1:$1, 0)), $B$1, INDEX('Soruce file '!$A:$Z, 0, MATCH("GA*", 'Soruce file '!$1:$1, 0)), $A7), 0) -> 0 | F7: =IFERROR(SUMIFS(INDEX('Soruce file '!$A:$Z, 0, MATCH("Harsh Braking", 'Soruce file '!$1:$1, 0)), INDEX('Soruce file '!$A:$Z, 0, MATCH("Date", 'Soruce file '!$1:$1, 0)), $B$1, INDEX('Soruce file '!$A:$Z, 0, MATCH("GA*", 'Soruce file '!$1:$1, 0)), $A7), 0) -> 0 | G7: =IFERROR(SUMIFS(INDEX('Soruce file '!$A:$Z, 0, MATCH("Overspeed", 'Soruce file '!$1:$1, 0)), INDEX('Soruce file '!$A:$Z, 0, MATCH("Date", 'Soruce file '!$1:$1, 0)), $B$1, INDEX('Soruce file '!$A:$Z, 0, MATCH("GA*", 'Soruce file '!$1:$1, 0)), $A7), 0) -> 0 | H7: =IFERROR(SUMIFS(INDEX('Soruce file '!$A:$Z, 0, MATCH("Sudden Acceleration", 'Soruce file '!$1:$1, 0)), INDEX('Soruce file '!$A:$Z, 0, MATCH("Date", 'Soruce file '!$1:$1, 0)), $B$1, INDEX('Soruce file '!$A:$Z, 0, MATCH("GA*", 'Soruce file '!$1:$1, 0)), $A7), 0) -> 0 | I7: =IFERROR(SUMIFS(INDEX('Soruce file '!$A:$Z, 0, MATCH("Camera Anomaly", 'Soruce file '!$1:$1, 0)), INDEX('Soruce file '!$A:$Z, 0, MATCH("Date", 'Soruce file '!$1:$1, 0)), $B$1, INDEX('Soruce file '!$A:$Z, 0, MATCH("GA*", 'Soruce file '!$1:$1, 0)), $A7), 0) -> 0 | J7: =IFERROR(SUMIFS(INDEX('Soruce file '!$A:$Z, 0, MATCH("CD", 'Soruce file '!$1:$1, 0)), INDEX('Soruce file '!$A:$Z, 0, MATCH("Date", 'Soruce file '!$1:$1, 0)), $B$1, INDEX('Soruce file '!$A:$Z, 0, MATCH("GA*", 'Soruce file '!$1:$1, 0)), $A7), 0) -> 0 | K7: =IFERROR(SUMIFS(INDEX('Soruce file '!$A:$Z, 0, MATCH("Night Driving", 'Soruce file '!$1:$1, 0)), INDEX('Soruce file '!$A:$Z, 0, MATCH("Date", 'Soruce file '!$1:$1, 0)), $B$1, INDEX('Soruce file '!$A:$Z, 0, MATCH("GA*", 'Soruce file '!$1:$1, 0)), $A7), 0) -> 0 | L7: =SUM(B7:K7) -> 1
A8: BJJ | B8: =IFERROR(SUMIFS(INDEX('Soruce file '!$A:$Z, 0, MATCH("Mobile Usage", 'Soruce file '!$1:$1, 0)), INDEX('Soruce file '!$A:$Z, 0, MATCH("Date", 'Soruce file '!$1:$1, 0)), $B$1, INDEX('Soruce file '!$A:$Z, 0, MATCH("GA*", 'Soruce file '!$1:$1, 0)), $A8), 0) -> 0 | C8: =IFERROR(SUMIFS(INDEX('Soruce file '!$A:$Z, 0, MATCH("No Seatbelt", 'Soruce file '!$1:$1, 0)), INDEX('Soruce file '!$A:$Z, 0, MATCH("Date", 'Soruce file '!$1:$1, 0)), $B$1, INDEX('Soruce file '!$A:$Z, 0, MATCH("GA*", 'Soruce file '!$1:$1, 0)), $A8), 0) -> 0 | D8: =IFERROR(SUMIFS(INDEX('Soruce file '!$A:$Z, 0, MATCH("Yawning", 'Soruce file '!$1:$1, 0)), INDEX('Soruce file '!$A:$Z, 0, MATCH("Date", 'Soruce file '!$1:$1, 0)), $B$1, INDEX('Soruce file '!$A:$Z, 0, MATCH("GA*", 'Soruce file '!$1:$1, 0)), $A8), 0) -> 0 | E8: =IFERROR(SUMIFS(INDEX('Soruce file '!$A:$Z, 0, MATCH("Fatigue", 'Soruce file '!$1:$1, 0)), INDEX('Soruce file '!$A:$Z, 0, MATCH("Date", 'Soruce file '!$1:$1, 0)), $B$1, INDEX('Soruce file '!$A:$Z, 0, MATCH("GA*", 'Soruce file '!$1:$1, 0)), $A8), 0) -> 0 | F8: =IFERROR(SUMIFS(INDEX('Soruce file '!$A:$Z, 0, MATCH("Harsh Braking", 'Soruce file '!$1:$1, 0)), INDEX('Soruce file '!$A:$Z, 0, MATCH("Date", 'Soruce file '!$1:$1, 0)), $B$1, INDEX('Soruce file '!$A:$Z, 0, MATCH("GA*", 'Soruce file '!$1:$1, 0)), $A8), 0) -> 0 | G8: =IFERROR(SUMIFS(INDEX('Soruce file '!$A:$Z, 0, MATCH("Overspeed", 'Soruce file '!$1:$1, 0)), INDEX('Soruce file '!$A:$Z, 0, MATCH("Date", 'Soruce file '!$1:$1, 0)), $B$1, INDEX('Soruce file '!$A:$Z, 0, MATCH("GA*", 'Soruce file '!$1:$1, 0)), $A8), 0) -> 0 | H8: =IFERROR(SUMIFS(INDEX('Soruce file '!$A:$Z, 0, MATCH("Sudden Acceleration", 'Soruce file '!$1:$1, 0)), INDEX('Soruce file '!$A:$Z, 0, MATCH("Date", 'Soruce file '!$1:$1, 0)), $B$1, INDEX('Soruce file '!$A:$Z, 0, MATCH("GA*", 'Soruce file '!$1:$1, 0)), $A8), 0) -> 0 | I8: =IFERROR(SUMIFS(INDEX('Soruce file '!$A:$Z, 0, MATCH("Camera Anomaly", 'Soruce file '!$1:$1, 0)), INDEX('Soruce file '!$A:$Z, 0, MATCH("Date", 'Soruce file '!$1:$1, 0)), $B$1, INDEX('Soruce file '!$A:$Z, 0, MATCH("GA*", 'Soruce file '!$1:$1, 0)), $A8), 0) -> 1 | J8: =IFERROR(SUMIFS(INDEX('Soruce file '!$A:$Z, 0, MATCH("CD", 'Soruce file '!$1:$1, 0)), INDEX('Soruce file '!$A:$Z, 0, MATCH("Date", 'Soruce file '!$1:$1, 0)), $B$1, INDEX('Soruce file '!$A:$Z, 0, MATCH("GA*", 'Soruce file '!$1:$1, 0)), $A8), 0) -> 0 | K8: =IFERROR(SUMIFS(INDEX('Soruce file '!$A:$Z, 0, MATCH("Night Driving", 'Soruce file '!$1:$1, 0)), INDEX('Soruce file '!$A:$Z, 0, MATCH("Date", 'Soruce file '!$1:$1, 0)), $B$1, INDEX('Soruce file '!$A:$Z, 0, MATCH("GA*", 'Soruce file '!$1:$1, 0)), $A8), 0) -> 0 | L8: =SUM(B8:K8) -> 1
A9: BKR | B9: =IFERROR(SUMIFS(INDEX('Soruce file '!$A:$Z, 0, MATCH("Mobile Usage", 'Soruce file '!$1:$1, 0)), INDEX('Soruce file '!$A:$Z, 0, MATCH("Date", 'Soruce file '!$1:$1, 0)), $B$1, INDEX('Soruce file '!$A:$Z, 0, MATCH("GA*", 'Soruce file '!$1:$1, 0)), $A9), 0) -> 0 | C9: =IFERROR(SUMIFS(INDEX('Soruce file '!$A:$Z, 0, MATCH("No Seatbelt", 'Soruce file '!$1:$1, 0)), INDEX('Soruce file '!$A:$Z, 0, MATCH("Date", 'Soruce file '!$1:$1, 0)), $B$1, INDEX('Soruce file '!$A:$Z, 0, MATCH("GA*", 'Soruce file '!$1:$1, 0)), $A9), 0) -> 0 | D9: =IFERROR(SUMIFS(INDEX('Soruce file '!$A:$Z, 0, MATCH("Yawning", 'Soruce file '!$1:$1, 0)), INDEX('Soruce file '!$A:$Z, 0, MATCH("Date", 'Soruce file '!$1:$1, 0)), $B$1, INDEX('Soruce file '!$A:$Z, 0, MATCH("GA*", 'Soruce file '!$1:$1, 0)), $A9), 0) -> 0 | E9: =IFERROR(SUMIFS(INDEX('Soruce file '!$A:$Z, 0, MATCH("Fatigue", 'Soruce file '!$1:$1, 0)), INDEX('Soruce file '!$A:$Z, 0, MATCH("Date", 'Soruce file '!$1:$1, 0)), $B$1, INDEX('Soruce file '!$A:$Z, 0, MATCH("GA*", 'Soruce file '!$1:$1, 0)), $A9), 0) -> 0 | F9: =IFERROR(SUMIFS(INDEX('Soruce file '!$A:$Z, 0, MATCH("Harsh Braking", 'Soruce file '!$1:$1, 0)), INDEX('Soruce file '!$A:$Z, 0, MATCH("Date", 'Soruce file '!$1:$1, 0)), $B$1, INDEX('Soruce file '!$A:$Z, 0, MATCH("GA*", 'Soruce file '!$1:$1, 0)), $A9), 0) -> 0 | G9: =IFERROR(SUMIFS(INDEX('Soruce file '!$A:$Z, 0, MATCH("Overspeed", 'Soruce file '!$1:$1, 0)), INDEX('Soruce file '!$A:$Z, 0, MATCH("Date", 'Soruce file '!$1:$1, 0)), $B$1, INDEX('Soruce file '!$A:$Z, 0, MATCH("GA*", 'Soruce file '!$1:$1, 0)), $A9), 0) -> 0 | H9: =IFERROR(SUMIFS(INDEX('Soruce file '!$A:$Z, 0, MATCH("Sudden Acceleration", 'Soruce file '!$1:$1, 0)), INDEX('Soruce file '!$A:$Z, 0, MATCH("Date", 'Soruce file '!$1:$1, 0)), $B$1, INDEX('Soruce file '!$A:$Z, 0, MATCH("GA*", 'Soruce file '!$1:$1, 0)), $A9), 0) -> 0 | I9: =IFERROR(SUMIFS(INDEX('Soruce file '!$A:$Z, 0, MATCH("Camera Anomaly", 'Soruce file '!$1:$1, 0)), INDEX('Soruce file '!$A:$Z, 0, MATCH("Date", 'Soruce file '!$1:$1, 0)), $B$1, INDEX('Soruce file '!$A:$Z, 0, MATCH("GA*", 'Soruce file '!$1:$1, 0)), $A9), 0) -> 0 | J9: =IFERROR(SUMIFS(INDEX('Soruce file '!$A:$Z, 0, MATCH("CD", 'Soruce file '!$1:$1, 0)), INDEX('Soruce file '!$A:$Z, 0, MATCH("Date", 'Soruce file '!$1:$1, 0)), $B$1, INDEX('Soruce file '!$A:$Z, 0, MATCH("GA*", 'Soruce file '!$1:$1, 0)), $A9), 0) -> 0 | K9: =IFERROR(SUMIFS(INDEX('Soruce file '!$A:$Z, 0, MATCH("Night Driving", 'Soruce file '!$1:$1, 0)), INDEX('Soruce file '!$A:$Z, 0, MATCH("Date", 'Soruce file '!$1:$1, 0)), $B$1, INDEX('Soruce file '!$A:$Z, 0, MATCH("GA*", 'Soruce file '!$1:$1, 0)), $A9), 0) -> 0 | L9: =SUM(B9:K9) -> 0
A10: Chittoor | B10: =IFERROR(SUMIFS(INDEX('Soruce file '!$A:$Z, 0, MATCH("Mobile Usage", 'Soruce file '!$1:$1, 0)), INDEX('Soruce file '!$A:$Z, 0, MATCH("Date", 'Soruce file '!$1:$1, 0)), $B$1, INDEX('Soruce file '!$A:$Z, 0, MATCH("GA*", 'Soruce file '!$1:$1, 0)), $A10), 0) -> 0 | C10: =IFERROR(SUMIFS(INDEX('Soruce file '!$A:$Z, 0, MATCH("No Seatbelt", 'Soruce file '!$1:$1, 0)), INDEX('Soruce file '!$A:$Z, 0, MATCH("Date", 'Soruce file '!$1:$1, 0)), $B$1, INDEX('Soruce file '!$A:$Z, 0, MATCH("GA*", 'Soruce file '!$1:$1, 0)), $A10), 0) -> 0 | D10: =IFERROR(SUMIFS(INDEX('Soruce file '!$A:$Z, 0, MATCH("Yawning", 'Soruce file '!$1:$1, 0)), INDEX('Soruce file '!$A:$Z, 0, MATCH("Date", 'Soruce file '!$1:$1, 0)), $B$1, INDEX('Soruce file '!$A:$Z, 0, MATCH("GA*", 'Soruce file '!$1:$1, 0)), $A10), 0) -> 0 | E10: =IFERROR(SUMIFS(INDEX('Soruce file '!$A:$Z, 0, MATCH("Fatigue", 'Soruce file '!$1:$1, 0)), INDEX('Soruce file '!$A:$Z, 0, MATCH("Date", 'Soruce file '!$1:$1, 0)), $B$1, INDEX('Soruce file '!$A:$Z, 0, MATCH("GA*", 'Soruce file '!$1:$1, 0)), $A10), 0) -> 0 | F10: =IFERROR(SUMIFS(INDEX('Soruce file '!$A:$Z, 0, MATCH("Harsh Braking", 'Soruce file '!$1:$1, 0)), INDEX('Soruce file '!$A:$Z, 0, MATCH("Date", 'Soruce file '!$1:$1, 0)), $B$1, INDEX('Soruce file '!$A:$Z, 0, MATCH("GA*", 'Soruce file '!$1:$1, 0)), $A10), 0) -> 0 | G10: =IFERROR(SUMIFS(INDEX('Soruce file '!$A:$Z, 0, MATCH("Overspeed", 'Soruce file '!$1:$1, 0)), INDEX('Soruce file '!$A:$Z, 0, MATCH("Date", 'Soruce file '!$1:$1, 0)), $B$1, INDEX('Soruce file '!$A:$Z, 0, MATCH("GA*", 'Soruce file '!$1:$1, 0)), $A10), 0) -> 0 | H10: =IFERROR(SUMIFS(INDEX('Soruce file '!$A:$Z, 0, MATCH("Sudden Acceleration", 'Soruce file '!$1:$1, 0)), INDEX('Soruce file '!$A:$Z, 0, MATCH("Date", 'Soruce file '!$1:$1, 0)), $B$1, INDEX('Soruce file '!$A:$Z, 0, MATCH("GA*", 'Soruce file '!$1:$1, 0)), $A10), 0) -> 0 | I10: =IFERROR(SUMIFS(INDEX('Soruce file '!$A:$Z, 0, MATCH("Camera Anomaly", 'Soruce file '!$1:$1, 0)), INDEX('Soruce file '!$A:$Z, 0, MATCH("Date", 'Soruce file '!$1:$1, 0)), $B$1, INDEX('Soruce file '!$A:$Z, 0, MATCH("GA*", 'Soruce file '!$1:$1, 0)), $A10), 0) -> 0 | J10: =IFERROR(SUMIFS(INDEX('Soruce file '!$A:$Z, 0, MATCH("CD", 'Soruce file '!$1:$1, 0)), INDEX('Soruce file '!$A:$Z, 0, MATCH("Date", 'Soruce file '!$1:$1, 0)), $B$1, INDEX('Soruce file '!$A:$Z, 0, MATCH("GA*", 'Soruce file '!$1:$1, 0)), $A10), 0) -> 0 | K10: =IFERROR(SUMIFS(INDEX('Soruce file '!$A:$Z, 0, MATCH("Night Driving", 'Soruce file '!$1:$1, 0)), INDEX('Soruce file '!$A:$Z, 0, MATCH("Date", 'Soruce file '!$1:$1, 0)), $B$1, INDEX('Soruce file '!$A:$Z, 0, MATCH("GA*", 'Soruce file '!$1:$1, 0)), $A10), 0) -> 0 | L10: =SUM(B10:K10) -> 0
A11: CHK | B11: =IFERROR(SUMIFS(INDEX('Soruce file '!$A:$Z, 0, MATCH("Mobile Usage", 'Soruce file '!$1:$1, 0)), INDEX('Soruce file '!$A:$Z, 0, MATCH("Date", 'Soruce file '!$1:$1, 0)), $B$1, INDEX('Soruce file '!$A:$Z, 0, MATCH("GA*", 'Soruce file '!$1:$1, 0)), $A11), 0) -> 0 | C11: =IFERROR(SUMIFS(INDEX('Soruce file '!$A:$Z, 0, MATCH("No Seatbelt", 'Soruce file '!$1:$1, 0)), INDEX('Soruce file '!$A:$Z, 0, MATCH("Date", 'Soruce file '!$1:$1, 0)), $B$1, INDEX('Soruce file '!$A:$Z, 0, MATCH("GA*", 'Soruce file '!$1:$1, 0)), $A11), 0) -> 0 | D11: =IFERROR(SUMIFS(INDEX('Soruce file '!$A:$Z, 0, MATCH("Yawning", 'Soruce file '!$1:$1, 0)), INDEX('Soruce file '!$A:$Z, 0, MATCH("Date", 'Soruce file '!$1:$1, 0)), $B$1, INDEX('Soruce file '!$A:$Z, 0, MATCH("GA*", 'Soruce file '!$1:$1, 0)), $A11), 0) -> 0 | E11: =IFERROR(SUMIFS(INDEX('Soruce file '!$A:$Z, 0, MATCH("Fatigue", 'Soruce file '!$1:$1, 0)), INDEX('Soruce file '!$A:$Z, 0, MATCH("Date", 'Soruce file '!$1:$1, 0)), $B$1, INDEX('Soruce file '!$A:$Z, 0, MATCH("GA*", 'Soruce file '!$1:$1, 0)), $A11), 0) -> 0 | F11: =IFERROR(SUMIFS(INDEX('Soruce file '!$A:$Z, 0, MATCH("Harsh Braking", 'Soruce file '!$1:$1, 0)), INDEX('Soruce file '!$A:$Z, 0, MATCH("Date", 'Soruce file '!$1:$1, 0)), $B$1, INDEX('Soruce file '!$A:$Z, 0, MATCH("GA*", 'Soruce file '!$1:$1, 0)), $A11), 0) -> 0 | G11: =IFERROR(SUMIFS(INDEX('Soruce file '!$A:$Z, 0, MATCH("Overspeed", 'Soruce file '!$1:$1, 0)), INDEX('Soruce file '!$A:$Z, 0, MATCH("Date", 'Soruce file '!$1:$1, 0)), $B$1, INDEX('Soruce file '!$A:$Z, 0, MATCH("GA*", 'Soruce file '!$1:$1, 0)), $A11), 0) -> 0 | H11: =IFERROR(SUMIFS(INDEX('Soruce file '!$A:$Z, 0, MATCH("Sudden Acceleration", 'Soruce file '!$1:$1, 0)), INDEX('Soruce file '!$A:$Z, 0, MATCH("Date", 'Soruce file '!$1:$1, 0)), $B$1, INDEX('Soruce file '!$A:$Z, 0, MATCH("GA*", 'Soruce file '!$1:$1, 0)), $A11), 0) -> 0 | I11: =IFERROR(SUMIFS(INDEX('Soruce file '!$A:$Z, 0, MATCH("Camera Anomaly", 'Soruce file '!$1:$1, 0)), INDEX('Soruce file '!$A:$Z, 0, MATCH("Date", 'Soruce file '!$1:$1, 0)), $B$1, INDEX('Soruce file '!$A:$Z, 0, MATCH("GA*", 'Soruce file '!$1:$1, 0)), $A11), 0) -> 0 | J11: =IFERROR(SUMIFS(INDEX('Soruce file '!$A:$Z, 0, MATCH("CD", 'Soruce file '!$1:$1, 0)), INDEX('Soruce file '!$A:$Z, 0, MATCH("Date", 'Soruce file '!$1:$1, 0)), $B$1, INDEX('Soruce file '!$A:$Z, 0, MATCH("GA*", 'Soruce file '!$1:$1, 0)), $A11), 0) -> 0 | K11: =IFERROR(SUMIFS(INDEX('Soruce file '!$A:$Z, 0, MATCH("Night Driving", 'Soruce file '!$1:$1, 0)), INDEX('Soruce file '!$A:$Z, 0, MATCH("Date", 'Soruce file '!$1:$1, 0)), $B$1, INDEX('Soruce file '!$A:$Z, 0, MATCH("GA*", 'Soruce file '!$1:$1, 0)), $A11), 0) -> 0 | L11: =SUM(B11:K11) -> 0
A12: Dahej | B12: =IFERROR(SUMIFS(INDEX('Soruce file '!$A:$Z, 0, MATCH("Mobile Usage", 'Soruce file '!$1:$1, 0)), INDEX('Soruce file '!$A:$Z, 0, MATCH("Date", 'Soruce file '!$1:$1, 0)), $B$1, INDEX('Soruce file '!$A:$Z, 0, MATCH("GA*", 'Soruce file '!$1:$1, 0)), $A12), 0) -> 1 | C12: =IFERROR(SUMIFS(INDEX('Soruce file '!$A:$Z, 0, MATCH("No Seatbelt", 'Soruce file '!$1:$1, 0)), INDEX('Soruce file '!$A:$Z, 0, MATCH("Date", 'Soruce file '!$1:$1, 0)), $B$1, INDEX('Soruce file '!$A:$Z, 0, MATCH("GA*", 'Soruce file '!$1:$1, 0)), $A12), 0) -> 0 | D12: =IFERROR(SUMIFS(INDEX('Soruce file '!$A:$Z, 0, MATCH("Yawning", 'Soruce file '!$1:$1, 0)), INDEX('Soruce file '!$A:$Z, 0, MATCH("Date", 'Soruce file '!$1:$1, 0)), $B$1, INDEX('Soruce file '!$A:$Z, 0, MATCH("GA*", 'Soruce file '!$1:$1, 0)), $A12), 0) -> 0 | E12: =IFERROR(SUMIFS(INDEX('Soruce file '!$A:$Z, 0, MATCH("Fatigue", 'Soruce file '!$1:$1, 0)), INDEX('Soruce file '!$A:$Z, 0, MATCH("Date", 'Soruce file '!$1:$1, 0)), $B$1, INDEX('Soruce file '!$A:$Z, 0, MATCH("GA*", 'Soruce file '!$1:$1, 0)), $A12), 0) -> 0 | F12: =IFERROR(SUMIFS(INDEX('Soruce file '!$A:$Z, 0, MATCH("Harsh Braking", 'Soruce file '!$1:$1, 0)), INDEX('Soruce file '!$A:$Z, 0, MATCH("Date", 'Soruce file '!$1:$1, 0)), $B$1, INDEX('Soruce file '!$A:$Z, 0, MATCH("GA*", 'Soruce file '!$1:$1, 0)), $A12), 0) -> 0 | G12: =IFERROR(SUMIFS(INDEX('Soruce file '!$A:$Z, 0, MATCH("Overspeed", 'Soruce file '!$1:$1, 0)), INDEX('Soruce file '!$A:$Z, 0, MATCH("Date", 'Soruce file '!$1:$1, 0)), $B$1, INDEX('Soruce file '!$A:$Z, 0, MATCH("GA*", 'Soruce file '!$1:$1, 0)), $A12), 0) -> 0 | H12: =IFERROR(SUMIFS(INDEX('Soruce file '!$A:$Z, 0, MATCH("Sudden Acceleration", 'Soruce file '!$1:$1, 0)), INDEX('Soruce file '!$A:$Z, 0, MATCH("Date", 'Soruce file '!$1:$1, 0)), $B$1, INDEX('Soruce file '!$A:$Z, 0, MATCH("GA*", 'Soruce file '!$1:$1, 0)), $A12), 0) -> 0 | I12: =IFERROR(SUMIFS(INDEX('Soruce file '!$A:$Z, 0, MATCH("Camera Anomaly", 'Soruce file '!$1:$1, 0)), INDEX('Soruce file '!$A:$Z, 0, MATCH("Date", 'Soruce file '!$1:$1, 0)), $B$1, INDEX('Soruce file '!$A:$Z, 0, MATCH("GA*", 'Soruce file '!$1:$1, 0)), $A12), 0) -> 0 | J12: =IFERROR(SUMIFS(INDEX('Soruce file '!$A:$Z, 0, MATCH("CD", 'Soruce file '!$1:$1, 0)), INDEX('Soruce file '!$A:$Z, 0, MATCH("Date", 'Soruce file '!$1:$1, 0)), $B$1, INDEX('Soruce file '!$A:$Z, 0, MATCH("GA*", 'Soruce file '!$1:$1, 0)), $A12), 0) -> 0 | K12: =IFERROR(SUMIFS(INDEX('Soruce file '!$A:$Z, 0, MATCH("Night Driving", 'Soruce file '!$1:$1, 0)), INDEX('Soruce file '!$A:$Z, 0, MATCH("Date", 'Soruce file '!$1:$1, 0)), $B$1, INDEX('Soruce file '!$A:$Z, 0, MATCH("GA*", 'Soruce file '!$1:$1, 0)), $A12), 0) -> 0 | L12: =SUM(B12:K12) -> 1
A13: Ennore | B13: =IFERROR(SUMIFS(INDEX('Soruce file '!$A:$Z, 0, MATCH("Mobile Usage", 'Soruce file '!$1:$1, 0)), INDEX('Soruce file '!$A:$Z, 0, MATCH("Date", 'Soruce file '!$1:$1, 0)), $B$1, INDEX('Soruce file '!$A:$Z, 0, MATCH("GA*", 'Soruce file '!$1:$1, 0)), $A13), 0) -> 0 | C13: =IFERROR(SUMIFS(INDEX('Soruce file '!$A:$Z, 0, MATCH("No Seatbelt", 'Soruce file '!$1:$1, 0)), INDEX('Soruce file '!$A:$Z, 0, MATCH("Date", 'Soruce file '!$1:$1, 0)), $B$1, INDEX('Soruce file '!$A:$Z, 0, MATCH("GA*", 'Soruce file '!$1:$1, 0)), $A13), 0) -> 0 | D13: =IFERROR(SUMIFS(INDEX('Soruce file '!$A:$Z, 0, MATCH("Yawning", 'Soruce file '!$1:$1, 0)), INDEX('Soruce file '!$A:$Z, 0, MATCH("Date", 'Soruce file '!$1:$1, 0)), $B$1, INDEX('Soruce file '!$A:$Z, 0, MATCH("GA*", 'Soruce file '!$1:$1, 0)), $A13), 0) -> 0 | E13: =IFERROR(SUMIFS(INDEX('Soruce file '!$A:$Z, 0, MATCH("Fatigue", 'Soruce file '!$1:$1, 0)), INDEX('Soruce file '!$A:$Z, 0, MATCH("Date", 'Soruce file '!$1:$1, 0)), $B$1, INDEX('Soruce file '!$A:$Z, 0, MATCH("GA*", 'Soruce file '!$1:$1, 0)), $A13), 0) -> 1 | F13: =IFERROR(SUMIFS(INDEX('Soruce file '!$A:$Z, 0, MATCH("Harsh Braking", 'Soruce file '!$1:$1, 0)), INDEX('Soruce file '!$A:$Z, 0, MATCH("Date", 'Soruce file '!$1:$1, 0)), $B$1, INDEX('Soruce file '!$A:$Z, 0, MATCH("GA*", 'Soruce file '!$1:$1, 0)), $A13), 0) -> 0 | G13: =IFERROR(SUMIFS(INDEX('Soruce file '!$A:$Z, 0, MATCH("Overspeed", 'Soruce file '!$1:$1, 0)), INDEX('Soruce file '!$A:$Z, 0, MATCH("Date", 'Soruce file '!$1:$1, 0)), $B$1, INDEX('Soruce file '!$A:$Z, 0, MATCH("GA*", 'Soruce file '!$1:$1, 0)), $A13), 0) -> 0 | H13: =IFERROR(SUMIFS(INDEX('Soruce file '!$A:$Z, 0, MATCH("Sudden Acceleration", 'Soruce file '!$1:$1, 0)), INDEX('Soruce file '!$A:$Z, 0, MATCH("Date", 'Soruce file '!$1:$1, 0)), $B$1, INDEX('Soruce file '!$A:$Z, 0, MATCH("GA*", 'Soruce file '!$1:$1, 0)), $A13), 0) -> 0 | I13: =IFERROR(SUMIFS(INDEX('Soruce file '!$A:$Z, 0, MATCH("Camera Anomaly", 'Soruce file '!$1:$1, 0)), INDEX('Soruce file '!$A:$Z, 0, MATCH("Date", 'Soruce file '!$1:$1, 0)), $B$1, INDEX('Soruce file '!$A:$Z, 0, MATCH("GA*", 'Soruce file '!$1:$1, 0)), $A13), 0) -> 1 | J13: =IFERROR(SUMIFS(INDEX('Soruce file '!$A:$Z, 0, MATCH("CD", 'Soruce file '!$1:$1, 0)), INDEX('Soruce file '!$A:$Z, 0, MATCH("Date", 'Soruce file '!$1:$1, 0)), $B$1, INDEX('Soruce file '!$A:$Z, 0, MATCH("GA*", 'Soruce file '!$1:$1, 0)), $A13), 0) -> 0 | K13: =IFERROR(SUMIFS(INDEX('Soruce file '!$A:$Z, 0, MATCH("Night Driving", 'Soruce file '!$1:$1, 0)), INDEX('Soruce file '!$A:$Z, 0, MATCH("Date", 'Soruce file '!$1:$1, 0)), $B$1, INDEX('Soruce file '!$A:$Z, 0, MATCH("GA*", 'Soruce file '!$1:$1, 0)), $A13), 0) -> 0 | L13: =SUM(B13:K13) -> 2
A14: Hazira | B14: =IFERROR(SUMIFS(INDEX('Soruce file '!$A:$Z, 0, MATCH("Mobile Usage", 'Soruce file '!$1:$1, 0)), INDEX('Soruce file '!$A:$Z, 0, MATCH("Date", 'Soruce file '!$1:$1, 0)), $B$1, INDEX('Soruce file '!$A:$Z, 0, MATCH("GA*", 'Soruce file '!$1:$1, 0)), $A14), 0) -> 0 | C14: =IFERROR(SUMIFS(INDEX('Soruce file '!$A:$Z, 0, MATCH("No Seatbelt", 'Soruce file '!$1:$1, 0)), INDEX('Soruce file '!$A:$Z, 0, MATCH("Date", 'Soruce file '!$1:$1, 0)), $B$1, INDEX('Soruce file '!$A:$Z, 0, MATCH("GA*", 'Soruce file '!$1:$1, 0)), $A14), 0) -> 0 | D14: =IFERROR(SUMIFS(INDEX('Soruce file '!$A:$Z, 0, MATCH("Yawning", 'Soruce file '!$1:$1, 0)), INDEX('Soruce file '!$A:$Z, 0, MATCH("Date", 'Soruce file '!$1:$1, 0)), $B$1, INDEX('Soruce file '!$A:$Z, 0, MATCH("GA*", 'Soruce file '!$1:$1, 0)), $A14), 0) -> 0 | E14: =IFERROR(SUMIFS(INDEX('Soruce file '!$A:$Z, 0, MATCH("Fatigue", 'Soruce file '!$1:$1, 0)), INDEX('Soruce file '!$A:$Z, 0, MATCH("Date", 'Soruce file '!$1:$1, 0)), $B$1, INDEX('Soruce file '!$A:$Z, 0, MATCH("GA*", 'Soruce file '!$1:$1, 0)), $A14), 0) -> 0 | F14: =IFERROR(SUMIFS(INDEX('Soruce file '!$A:$Z, 0, MATCH("Harsh Braking", 'Soruce file '!$1:$1, 0)), INDEX('Soruce file '!$A:$Z, 0, MATCH("Date", 'Soruce file '!$1:$1, 0)), $B$1, INDEX('Soruce file '!$A:$Z, 0, MATCH("GA*", 'Soruce file '!$1:$1, 0)), $A14), 0) -> 0 | G14: =IFERROR(SUMIFS(INDEX('Soruce file '!$A:$Z, 0, MATCH("Overspeed", 'Soruce file '!$1:$1, 0)), INDEX('Soruce file '!$A:$Z, 0, MATCH("Date", 'Soruce file '!$1:$1, 0)), $B$1, INDEX('Soruce file '!$A:$Z, 0, MATCH("GA*", 'Soruce file '!$1:$1, 0)), $A14), 0) -> 0 | H14: =IFERROR(SUMIFS(INDEX('Soruce file '!$A:$Z, 0, MATCH("Sudden Acceleration", 'Soruce file '!$1:$1, 0)), INDEX('Soruce file '!$A:$Z, 0, MATCH("Date", 'Soruce file '!$1:$1, 0)), $B$1, INDEX('Soruce file '!$A:$Z, 0, MATCH("GA*", 'Soruce file '!$1:$1, 0)), $A14), 0) -> 0 | I14: =IFERROR(SUMIFS(INDEX('Soruce file '!$A:$Z, 0, MATCH("Camera Anomaly", 'Soruce file '!$1:$1, 0)), INDEX('Soruce file '!$A:$Z, 0, MATCH("Date", 'Soruce file '!$1:$1, 0)), $B$1, INDEX('Soruce file '!$A:$Z, 0, MATCH("GA*", 'Soruce file '!$1:$1, 0)), $A14), 0) -> 0 | J14: =IFERROR(SUMIFS(INDEX('Soruce file '!$A:$Z, 0, MATCH("CD", 'Soruce file '!$1:$1, 0)), INDEX('Soruce file '!$A:$Z, 0, MATCH("Date", 'Soruce file '!$1:$1, 0)), $B$1, INDEX('Soruce file '!$A:$Z, 0, MATCH("GA*", 'Soruce file '!$1:$1, 0)), $A14), 0) -> 0 | K14: =IFERROR(SUMIFS(INDEX('Soruce file '!$A:$Z, 0, MATCH("Night Driving", 'Soruce file '!$1:$1, 0)), INDEX('Soruce file '!$A:$Z, 0, MATCH("Date", 'Soruce file '!$1:$1, 0)), $B$1, INDEX('Soruce file '!$A:$Z, 0, MATCH("GA*", 'Soruce file '!$1:$1, 0)), $A14), 0) -> 0 | L14: =SUM(B14:K14) -> 0
... A24: Vellore | B24: =IFERROR(SUMIFS(INDEX('Soruce file '!$A:$Z, 0, MATCH("Mobile Usage", 'Soruce file '!$1:$1, 0)), INDEX('Soruce file '!$A:$Z, 0, MATCH("Date", 'Soruce file '!$1:$1, 0)), $B$1, INDEX('Soruce file '!$A:$Z, 0, MATCH("GA*", 'Soruce file '!$1:$1, 0)), $A24), 0) -> 0 | C24: =IFERROR(SUMIFS(INDEX('Soruce file '!$A:$Z, 0, MATCH("No Seatbelt", 'Soruce file '!$1:$1, 0)), INDEX('Soruce file '!$A:$Z, 0, MATCH("Date", 'Soruce file '!$1:$1, 0)), $B$1, INDEX('Soruce file '!$A:$Z, 0, MATCH("GA*", 'Soruce file '!$1:$1, 0)), $A24), 0) -> 0 | D24: =IFERROR(SUMIFS(INDEX('Soruce file '!$A:$Z, 0, MATCH("Yawning", 'Soruce file '!$1:$1, 0)), INDEX('Soruce file '!$A:$Z, 0, MATCH("Date", 'Soruce file '!$1:$1, 0)), $B$1, INDEX('Soruce file '!$A:$Z, 0, MATCH("GA*", 'Soruce file '!$1:$1, 0)), $A24), 0) -> 0 | E24: =IFERROR(SUMIFS(INDEX('Soruce file '!$A:$Z, 0, MATCH("Fatigue", 'Soruce file '!$1:$1, 0)), INDEX('Soruce file '!$A:$Z, 0, MATCH("Date", 'Soruce file '!$1:$1, 0)), $B$1, INDEX('Soruce file '!$A:$Z, 0, MATCH("GA*", 'Soruce file '!$1:$1, 0)), $A24), 0) -> 0 | F24: =IFERROR(SUMIFS(INDEX('Soruce file '!$A:$Z, 0, MATCH("Harsh Braking", 'Soruce file '!$1:$1, 0)), INDEX('Soruce file '!$A:$Z, 0, MATCH("Date", 'Soruce file '!$1:$1, 0)), $B$1, INDEX('Soruce file '!$A:$Z, 0, MATCH("GA*", 'Soruce file '!$1:$1, 0)), $A24), 0) -> 0 | G24: =IFERROR(SUMIFS(INDEX('Soruce file '!$A:$Z, 0, MATCH("Overspeed", 'Soruce file '!$1:$1, 0)), INDEX('Soruce file '!$A:$Z, 0, MATCH("Date", 'Soruce file '!$1:$1, 0)), $B$1, INDEX('Soruce file '!$A:$Z, 0, MATCH("GA*", 'Soruce file '!$1:$1, 0)), $A24), 0) -> 0 | H24: =IFERROR(SUMIFS(INDEX('Soruce file '!$A:$Z, 0, MATCH("Sudden Acceleration", 'Soruce file '!$1:$1, 0)), INDEX('Soruce file '!$A:$Z, 0, MATCH("Date", 'Soruce file '!$1:$1, 0)), $B$1, INDEX('Soruce file '!$A:$Z, 0, MATCH("GA*", 'Soruce file '!$1:$1, 0)), $A24), 0) -> 0 | I24: =IFERROR(SUMIFS(INDEX('Soruce file '!$A:$Z, 0, MATCH("Camera Anomaly", 'Soruce file '!$1:$1, 0)), INDEX('Soruce file '!$A:$Z, 0, MATCH("Date", 'Soruce file '!$1:$1, 0)), $B$1, INDEX('Soruce file '!$A:$Z, 0, MATCH("GA*", 'Soruce file '!$1:$1, 0)), $A24), 0) -> 0 | J24: =IFERROR(SUMIFS(INDEX('Soruce file '!$A:$Z, 0, MATCH("CD", 'Soruce file '!$1:$1, 0)), INDEX('Soruce file '!$A:$Z, 0, MATCH("Date", 'Soruce file '!$1:$1, 0)), $B$1, INDEX('Soruce file '!$A:$Z, 0, MATCH("GA*", 'Soruce file '!$1:$1, 0)), $A24), 0) -> 0 | K24: =IFERROR(SUMIFS(INDEX('Soruce file '!$A:$Z, 0, MATCH("Night Driving", 'Soruce file '!$1:$1, 0)), INDEX('Soruce file '!$A:$Z, 0, MATCH("Date", 'Soruce file '!$1:$1, 0)), $B$1, INDEX('Soruce file '!$A:$Z, 0, MATCH("GA*", 'Soruce file '!$1:$1, 0)), $A24), 0) -> 0 | L24: =SUM(B24:K24) -> 0
A25: Total | B25: =SUM(B3:B24) -> 6 | C25: =SUM(C3:C24) -> 2 | D25: =SUM(D3:D24) -> 0 | E25: =SUM(E3:E24) -> 1 | F25: =SUM(F3:F24) -> 0 | G25: =SUM(G3:G24) -> 1 | H25: =SUM(H3:H24) -> 0 | I25: =SUM(I3:I24) -> 2 | ... K25: =SUM(K3:K24) -> 0 | L25: =SUM(B25:K25) -> 12

Sheet Mar Mon Summ
A1: Report From Date | B1: =EOMONTH(MAX('Soruce file '!B:B), -1) + 1 -> 46082
A2: Location | B2: Mobile Usage | C2: No Seatbelt | D2: Yawning | E2: Driver Fatigue | F2: Harsh Braking | G2: Over speed | H2: Sudden Acceleration | I2: Camera Anomaly | J2: Continuous Driving | K2: Night Driving | L2: Total
A3: AKT | B3: =IFERROR(SUMIFS(INDEX('Soruce file '!$A:$Z, 0, MATCH("Mobile Usage", 'Soruce file '!$1:$1, 0)), INDEX('Soruce file '!$A:$Z, 0, MATCH("Date", 'Soruce file '!$1:$1, 0)), ">="&$B$1, INDEX('Soruce file '!$A:$Z, 0, MATCH("Date", 'Soruce file '!$1:$1, 0)), "<="&EOMONTH($B$1,0), INDEX('Soruce file '!$A:$Z, 0, MATCH("GA*", 'Soruce file '!$1:$1, 0)), $A3), 0) -> 17 | C3: =IFERROR(SUMIFS(INDEX('Soruce file '!$A:$Z, 0, MATCH("No Seatbelt", 'Soruce file '!$1:$1, 0)), INDEX('Soruce file '!$A:$Z, 0, MATCH("Date", 'Soruce file '!$1:$1, 0)), ">="&$B$1, INDEX('Soruce file '!$A:$Z, 0, MATCH("Date", 'Soruce file '!$1:$1, 0)), "<="&EOMONTH($B$1,0), INDEX('Soruce file '!$A:$Z, 0, MATCH("GA*", 'Soruce file '!$1:$1, 0)), $A3), 0) -> 1 | D3: =IFERROR(SUMIFS(INDEX('Soruce file '!$A:$Z, 0, MATCH("Yawning", 'Soruce file '!$1:$1, 0)), INDEX('Soruce file '!$A:$Z, 0, MATCH("Date", 'Soruce file '!$1:$1, 0)), ">="&$B$1, INDEX('Soruce file '!$A:$Z, 0, MATCH("Date", 'Soruce file '!$1:$1, 0)), "<="&EOMONTH($B$1,0), INDEX('Soruce file '!$A:$Z, 0, MATCH("GA*", 'Soruce file '!$1:$1, 0)), $A3), 0) -> 1 | E3: =IFERROR(SUMIFS(INDEX('Soruce file '!$A:$Z, 0, MATCH("Fatigue", 'Soruce file '!$1:$1, 0)), INDEX('Soruce file '!$A:$Z, 0, MATCH("Date", 'Soruce file '!$1:$1, 0)), ">="&$B$1, INDEX('Soruce file '!$A:$Z, 0, MATCH("Date", 'Soruce file '!$1:$1, 0)), "<="&EOMONTH($B$1,0), INDEX('Soruce file '!$A:$Z, 0, MATCH("GA*", 'Soruce file '!$1:$1, 0)), $A3), 0) -> 1 | F3: =IFERROR(SUMIFS(INDEX('Soruce file '!$A:$Z, 0, MATCH("Harsh Braking", 'Soruce file '!$1:$1, 0)), INDEX('Soruce file '!$A:$Z, 0, MATCH("Date", 'Soruce file '!$1:$1, 0)), ">="&$B$1, INDEX('Soruce file '!$A:$Z, 0, MATCH("Date", 'Soruce file '!$1:$1, 0)), "<="&EOMONTH($B$1,0), INDEX('Soruce file '!$A:$Z, 0, MATCH("GA*", 'Soruce file '!$1:$1, 0)), $A3), 0) -> 0 | G3: =IFERROR(SUMIFS(INDEX('Soruce file '!$A:$Z, 0, MATCH("Overspeed", 'Soruce file '!$1:$1, 0)), INDEX('Soruce file '!$A:$Z, 0, MATCH("Date", 'Soruce file '!$1:$1, 0)), ">="&$B$1, INDEX('Soruce file '!$A:$Z, 0, MATCH("Date", 'Soruce file '!$1:$1, 0)), "<="&EOMONTH($B$1,0), INDEX('Soruce file '!$A:$Z, 0, MATCH("GA*", 'Soruce file '!$1:$1, 0)), $A3), 0) -> 6 | H3: =IFERROR(SUMIFS(INDEX('Soruce file '!$A:$Z, 0, MATCH("Sudden Acceleration", 'Soruce file '!$1:$1, 0)), INDEX('Soruce file '!$A:$Z, 0, MATCH("Date", 'Soruce file '!$1:$1, 0)), ">="&$B$1, INDEX('Soruce file '!$A:$Z, 0, MATCH("Date", 'Soruce file '!$1:$1, 0)), "<="&EOMONTH($B$1,0), INDEX('Soruce file '!$A:$Z, 0, MATCH("GA*", 'Soruce file '!$1:$1, 0)), $A3), 0) -> 0 | I3: =IFERROR(SUMIFS(INDEX('Soruce file '!$A:$Z, 0, MATCH("Camera Anomaly", 'Soruce file '!$1:$1, 0)), INDEX('Soruce file '!$A:$Z, 0, MATCH("Date", 'Soruce file '!$1:$1, 0)), ">="&$B$1, INDEX('Soruce file '!$A:$Z, 0, MATCH("Date", 'Soruce file '!$1:$1, 0)), "<="&EOMONTH($B$1,0), INDEX('Soruce file '!$A:$Z, 0, MATCH("GA*", 'Soruce file '!$1:$1, 0)), $A3), 0) -> 2 | J3: =IFERROR(SUMIFS(INDEX('Soruce file '!$A:$Z, 0, MATCH("CD", 'Soruce file '!$1:$1, 0)), INDEX('Soruce file '!$A:$Z, 0, MATCH("Date", 'Soruce file '!$1:$1, 0)), ">="&$B$1, INDEX('Soruce file '!$A:$Z, 0, MATCH("Date", 'Soruce file '!$1:$1, 0)), "<="&EOMONTH($B$1,0), INDEX('Soruce file '!$A:$Z, 0, MATCH("GA*", 'Soruce file '!$1:$1, 0)), $A3), 0) -> 0 | K3: =IFERROR(SUMIFS(INDEX('Soruce file '!$A:$Z, 0, MATCH("Night Driving", 'Soruce file '!$1:$1, 0)), INDEX('Soruce file '!$A:$Z, 0, MATCH("Date", 'Soruce file '!$1:$1, 0)), ">="&$B$1, INDEX('Soruce file '!$A:$Z, 0, MATCH("Date", 'Soruce file '!$1:$1, 0)), "<="&EOMONTH($B$1,0), INDEX('Soruce file '!$A:$Z, 0, MATCH("GA*", 'Soruce file '!$1:$1, 0)), $A3), 0) -> 0 | L3: =SUM(B3:K3) -> 28
A4: ANK | B4: =IFERROR(SUMIFS(INDEX('Soruce file '!$A:$Z, 0, MATCH("Mobile Usage", 'Soruce file '!$1:$1, 0)), INDEX('Soruce file '!$A:$Z, 0, MATCH("Date", 'Soruce file '!$1:$1, 0)), ">="&$B$1, INDEX('Soruce file '!$A:$Z, 0, MATCH("Date", 'Soruce file '!$1:$1, 0)), "<="&EOMONTH($B$1,0), INDEX('Soruce file '!$A:$Z, 0, MATCH("GA*", 'Soruce file '!$1:$1, 0)), $A4), 0) -> 1 | C4: =IFERROR(SUMIFS(INDEX('Soruce file '!$A:$Z, 0, MATCH("No Seatbelt", 'Soruce file '!$1:$1, 0)), INDEX('Soruce file '!$A:$Z, 0, MATCH("Date", 'Soruce file '!$1:$1, 0)), ">="&$B$1, INDEX('Soruce file '!$A:$Z, 0, MATCH("Date", 'Soruce file '!$1:$1, 0)), "<="&EOMONTH($B$1,0), INDEX('Soruce file '!$A:$Z, 0, MATCH("GA*", 'Soruce file '!$1:$1, 0)), $A4), 0) -> 0 | D4: =IFERROR(SUMIFS(INDEX('Soruce file '!$A:$Z, 0, MATCH("Yawning", 'Soruce file '!$1:$1, 0)), INDEX('Soruce file '!$A:$Z, 0, MATCH("Date", 'Soruce file '!$1:$1, 0)), ">="&$B$1, INDEX('Soruce file '!$A:$Z, 0, MATCH("Date", 'Soruce file '!$1:$1, 0)), "<="&EOMONTH($B$1,0), INDEX('Soruce file '!$A:$Z, 0, MATCH("GA*", 'Soruce file '!$1:$1, 0)), $A4), 0) -> 1 | E4: =IFERROR(SUMIFS(INDEX('Soruce file '!$A:$Z, 0, MATCH("Fatigue", 'Soruce file '!$1:$1, 0)), INDEX('Soruce file '!$A:$Z, 0, MATCH("Date", 'Soruce file '!$1:$1, 0)), ">="&$B$1, INDEX('Soruce file '!$A:$Z, 0, MATCH("Date", 'Soruce file '!$1:$1, 0)), "<="&EOMONTH($B$1,0), INDEX('Soruce file '!$A:$Z, 0, MATCH("GA*", 'Soruce file '!$1:$1, 0)), $A4), 0) -> 2 | F4: =IFERROR(SUMIFS(INDEX('Soruce file '!$A:$Z, 0, MATCH("Harsh Braking", 'Soruce file '!$1:$1, 0)), INDEX('Soruce file '!$A:$Z, 0, MATCH("Date", 'Soruce file '!$1:$1, 0)), ">="&$B$1, INDEX('Soruce file '!$A:$Z, 0, MATCH("Date", 'Soruce file '!$1:$1, 0)), "<="&EOMONTH($B$1,0), INDEX('Soruce file '!$A:$Z, 0, MATCH("GA*", 'Soruce file '!$1:$1, 0)), $A4), 0) -> 0 | G4: =IFERROR(SUMIFS(INDEX('Soruce file '!$A:$Z, 0, MATCH("Overspeed", 'Soruce file '!$1:$1, 0)), INDEX('Soruce file '!$A:$Z, 0, MATCH("Date", 'Soruce file '!$1:$1, 0)), ">="&$B$1, INDEX('Soruce file '!$A:$Z, 0, MATCH("Date", 'Soruce file '!$1:$1, 0)), "<="&EOMONTH($B$1,0), INDEX('Soruce file '!$A:$Z, 0, MATCH("GA*", 'Soruce file '!$1:$1, 0)), $A4), 0) -> 0 | H4: =IFERROR(SUMIFS(INDEX('Soruce file '!$A:$Z, 0, MATCH("Sudden Acceleration", 'Soruce file '!$1:$1, 0)), INDEX('Soruce file '!$A:$Z, 0, MATCH("Date", 'Soruce file '!$1:$1, 0)), ">="&$B$1, INDEX('Soruce file '!$A:$Z, 0, MATCH("Date", 'Soruce file '!$1:$1, 0)), "<="&EOMONTH($B$1,0), INDEX('Soruce file '!$A:$Z, 0, MATCH("GA*", 'Soruce file '!$1:$1, 0)), $A4), 0) -> 0 | I4: =IFERROR(SUMIFS(INDEX('Soruce file '!$A:$Z, 0, MATCH("Camera Anomaly", 'Soruce file '!$1:$1, 0)), INDEX('Soruce file '!$A:$Z, 0, MATCH("Date", 'Soruce file '!$1:$1, 0)), ">="&$B$1, INDEX('Soruce file '!$A:$Z, 0, MATCH("Date", 'Soruce file '!$1:$1, 0)), "<="&EOMONTH($B$1,0), INDEX('Soruce file '!$A:$Z, 0, MATCH("GA*", 'Soruce file '!$1:$1, 0)), $A4), 0) -> 1 | J4: =IFERROR(SUMIFS(INDEX('Soruce file '!$A:$Z, 0, MATCH("CD", 'Soruce file '!$1:$1, 0)), INDEX('Soruce file '!$A:$Z, 0, MATCH("Date", 'Soruce file '!$1:$1, 0)), ">="&$B$1, INDEX('Soruce file '!$A:$Z, 0, MATCH("Date", 'Soruce file '!$1:$1, 0)), "<="&EOMONTH($B$1,0), INDEX('Soruce file '!$A:$Z, 0, MATCH("GA*", 'Soruce file '!$1:$1, 0)), $A4), 0) -> 0 | K4: =IFERROR(SUMIFS(INDEX('Soruce file '!$A:$Z, 0, MATCH("Night Driving", 'Soruce file '!$1:$1, 0)), INDEX('Soruce file '!$A:$Z, 0, MATCH("Date", 'Soruce file '!$1:$1, 0)), ">="&$B$1, INDEX('Soruce file '!$A:$Z, 0, MATCH("Date", 'Soruce file '!$1:$1, 0)), "<="&EOMONTH($B$1,0), INDEX('Soruce file '!$A:$Z, 0, MATCH("GA*", 'Soruce file '!$1:$1, 0)), $A4), 0) -> 0 | L4: =SUM(B4:K4) -> 5
A5: Baghpat | B5: =IFERROR(SUMIFS(INDEX('Soruce file '!$A:$Z, 0, MATCH("Mobile Usage", 'Soruce file '!$1:$1, 0)), INDEX('Soruce file '!$A:$Z, 0, MATCH("Date", 'Soruce file '!$1:$1, 0)), ">="&$B$1, INDEX('Soruce file '!$A:$Z, 0, MATCH("Date", 'Soruce file '!$1:$1, 0)), "<="&EOMONTH($B$1,0), INDEX('Soruce file '!$A:$Z, 0, MATCH("GA*", 'Soruce file '!$1:$1, 0)), $A5), 0) -> 3 | C5: =IFERROR(SUMIFS(INDEX('Soruce file '!$A:$Z, 0, MATCH("No Seatbelt", 'Soruce file '!$1:$1, 0)), INDEX('Soruce file '!$A:$Z, 0, MATCH("Date", 'Soruce file '!$1:$1, 0)), ">="&$B$1, INDEX('Soruce file '!$A:$Z, 0, MATCH("Date", 'Soruce file '!$1:$1, 0)), "<="&EOMONTH($B$1,0), INDEX('Soruce file '!$A:$Z, 0, MATCH("GA*", 'Soruce file '!$1:$1, 0)), $A5), 0) -> 1 | D5: =IFERROR(SUMIFS(INDEX('Soruce file '!$A:$Z, 0, MATCH("Yawning", 'Soruce file '!$1:$1, 0)), INDEX('Soruce file '!$A:$Z, 0, MATCH("Date", 'Soruce file '!$1:$1, 0)), ">="&$B$1, INDEX('Soruce file '!$A:$Z, 0, MATCH("Date", 'Soruce file '!$1:$1, 0)), "<="&EOMONTH($B$1,0), INDEX('Soruce file '!$A:$Z, 0, MATCH("GA*", 'Soruce file '!$1:$1, 0)), $A5), 0) -> 0 | E5: =IFERROR(SUMIFS(INDEX('Soruce file '!$A:$Z, 0, MATCH("Fatigue", 'Soruce file '!$1:$1, 0)), INDEX('Soruce file '!$A:$Z, 0, MATCH("Date", 'Soruce file '!$1:$1, 0)), ">="&$B$1, INDEX('Soruce file '!$A:$Z, 0, MATCH("Date", 'Soruce file '!$1:$1, 0)), "<="&EOMONTH($B$1,0), INDEX('Soruce file '!$A:$Z, 0, MATCH("GA*", 'Soruce file '!$1:$1, 0)), $A5), 0) -> 0 | F5: =IFERROR(SUMIFS(INDEX('Soruce file '!$A:$Z, 0, MATCH("Harsh Braking", 'Soruce file '!$1:$1, 0)), INDEX('Soruce file '!$A:$Z, 0, MATCH("Date", 'Soruce file '!$1:$1, 0)), ">="&$B$1, INDEX('Soruce file '!$A:$Z, 0, MATCH("Date", 'Soruce file '!$1:$1, 0)), "<="&EOMONTH($B$1,0), INDEX('Soruce file '!$A:$Z, 0, MATCH("GA*", 'Soruce file '!$1:$1, 0)), $A5), 0) -> 0 | G5: =IFERROR(SUMIFS(INDEX('Soruce file '!$A:$Z, 0, MATCH("Overspeed", 'Soruce file '!$1:$1, 0)), INDEX('Soruce file '!$A:$Z, 0, MATCH("Date", 'Soruce file '!$1:$1, 0)), ">="&$B$1, INDEX('Soruce file '!$A:$Z, 0, MATCH("Date", 'Soruce file '!$1:$1, 0)), "<="&EOMONTH($B$1,0), INDEX('Soruce file '!$A:$Z, 0, MATCH("GA*", 'Soruce file '!$1:$1, 0)), $A5), 0) -> 0 | H5: =IFERROR(SUMIFS(INDEX('Soruce file '!$A:$Z, 0, MATCH("Sudden Acceleration", 'Soruce file '!$1:$1, 0)), INDEX('Soruce file '!$A:$Z, 0, MATCH("Date", 'Soruce file '!$1:$1, 0)), ">="&$B$1, INDEX('Soruce file '!$A:$Z, 0, MATCH("Date", 'Soruce file '!$1:$1, 0)), "<="&EOMONTH($B$1,0), INDEX('Soruce file '!$A:$Z, 0, MATCH("GA*", 'Soruce file '!$1:$1, 0)), $A5), 0) -> 0 | I5: =IFERROR(SUMIFS(INDEX('Soruce file '!$A:$Z, 0, MATCH("Camera Anomaly", 'Soruce file '!$1:$1, 0)), INDEX('Soruce file '!$A:$Z, 0, MATCH("Date", 'Soruce file '!$1:$1, 0)), ">="&$B$1, INDEX('Soruce file '!$A:$Z, 0, MATCH("Date", 'Soruce file '!$1:$1, 0)), "<="&EOMONTH($B$1,0), INDEX('Soruce file '!$A:$Z, 0, MATCH("GA*", 'Soruce file '!$1:$1, 0)), $A5), 0) -> 0 | J5: =IFERROR(SUMIFS(INDEX('Soruce file '!$A:$Z, 0, MATCH("CD", 'Soruce file '!$1:$1, 0)), INDEX('Soruce file '!$A:$Z, 0, MATCH("Date", 'Soruce file '!$1:$1, 0)), ">="&$B$1, INDEX('Soruce file '!$A:$Z, 0, MATCH("Date", 'Soruce file '!$1:$1, 0)), "<="&EOMONTH($B$1,0), INDEX('Soruce file '!$A:$Z, 0, MATCH("GA*", 'Soruce file '!$1:$1, 0)), $A5), 0) -> 0 | K5: =IFERROR(SUMIFS(INDEX('Soruce file '!$A:$Z, 0, MATCH("Night Driving", 'Soruce file '!$1:$1, 0)), INDEX('Soruce file '!$A:$Z, 0, MATCH("Date", 'Soruce file '!$1:$1, 0)), ">="&$B$1, INDEX('Soruce file '!$A:$Z, 0, MATCH("Date", 'Soruce file '!$1:$1, 0)), "<="&EOMONTH($B$1,0), INDEX('Soruce file '!$A:$Z, 0, MATCH("GA*", 'Soruce file '!$1:$1, 0)), $A5), 0) -> 0 | L5: =SUM(B5:K5) -> 4
A6: Begusarai | B6: =IFERROR(SUMIFS(INDEX('Soruce file '!$A:$Z, 0, MATCH("Mobile Usage", 'Soruce file '!$1:$1, 0)), INDEX('Soruce file '!$A:$Z, 0, MATCH("Date", 'Soruce file '!$1:$1, 0)), ">="&$B$1, INDEX('Soruce file '!$A:$Z, 0, MATCH("Date", 'Soruce file '!$1:$1, 0)), "<="&EOMONTH($B$1,0), INDEX('Soruce file '!$A:$Z, 0, MATCH("GA*", 'Soruce file '!$1:$1, 0)), $A6), 0) -> 0 | C6: =IFERROR(SUMIFS(INDEX('Soruce file '!$A:$Z, 0, MATCH("No Seatbelt", 'Soruce file '!$1:$1, 0)), INDEX('Soruce file '!$A:$Z, 0, MATCH("Date", 'Soruce file '!$1:$1, 0)), ">="&$B$1, INDEX('Soruce file '!$A:$Z, 0, MATCH("Date", 'Soruce file '!$1:$1, 0)), "<="&EOMONTH($B$1,0), INDEX('Soruce file '!$A:$Z, 0, MATCH("GA*", 'Soruce file '!$1:$1, 0)), $A6), 0) -> 0 | D6: =IFERROR(SUMIFS(INDEX('Soruce file '!$A:$Z, 0, MATCH("Yawning", 'Soruce file '!$1:$1, 0)), INDEX('Soruce file '!$A:$Z, 0, MATCH("Date", 'Soruce file '!$1:$1, 0)), ">="&$B$1, INDEX('Soruce file '!$A:$Z, 0, MATCH("Date", 'Soruce file '!$1:$1, 0)), "<="&EOMONTH($B$1,0), INDEX('Soruce file '!$A:$Z, 0, MATCH("GA*", 'Soruce file '!$1:$1, 0)), $A6), 0) -> 0 | E6: =IFERROR(SUMIFS(INDEX('Soruce file '!$A:$Z, 0, MATCH("Fatigue", 'Soruce file '!$1:$1, 0)), INDEX('Soruce file '!$A:$Z, 0, MATCH("Date", 'Soruce file '!$1:$1, 0)), ">="&$B$1, INDEX('Soruce file '!$A:$Z, 0, MATCH("Date", 'Soruce file '!$1:$1, 0)), "<="&EOMONTH($B$1,0), INDEX('Soruce file '!$A:$Z, 0, MATCH("GA*", 'Soruce file '!$1:$1, 0)), $A6), 0) -> 0 | F6: =IFERROR(SUMIFS(INDEX('Soruce file '!$A:$Z, 0, MATCH("Harsh Braking", 'Soruce file '!$1:$1, 0)), INDEX('Soruce file '!$A:$Z, 0, MATCH("Date", 'Soruce file '!$1:$1, 0)), ">="&$B$1, INDEX('Soruce file '!$A:$Z, 0, MATCH("Date", 'Soruce file '!$1:$1, 0)), "<="&EOMONTH($B$1,0), INDEX('Soruce file '!$A:$Z, 0, MATCH("GA*", 'Soruce file '!$1:$1, 0)), $A6), 0) -> 0 | G6: =IFERROR(SUMIFS(INDEX('Soruce file '!$A:$Z, 0, MATCH("Overspeed", 'Soruce file '!$1:$1, 0)), INDEX('Soruce file '!$A:$Z, 0, MATCH("Date", 'Soruce file '!$1:$1, 0)), ">="&$B$1, INDEX('Soruce file '!$A:$Z, 0, MATCH("Date", 'Soruce file '!$1:$1, 0)), "<="&EOMONTH($B$1,0), INDEX('Soruce file '!$A:$Z, 0, MATCH("GA*", 'Soruce file '!$1:$1, 0)), $A6), 0) -> 0 | H6: =IFERROR(SUMIFS(INDEX('Soruce file '!$A:$Z, 0, MATCH("Sudden Acceleration", 'Soruce file '!$1:$1, 0)), INDEX('Soruce file '!$A:$Z, 0, MATCH("Date", 'Soruce file '!$1:$1, 0)), ">="&$B$1, INDEX('Soruce file '!$A:$Z, 0, MATCH("Date", 'Soruce file '!$1:$1, 0)), "<="&EOMONTH($B$1,0), INDEX('Soruce file '!$A:$Z, 0, MATCH("GA*", 'Soruce file '!$1:$1, 0)), $A6), 0) -> 0 | I6: =IFERROR(SUMIFS(INDEX('Soruce file '!$A:$Z, 0, MATCH("Camera Anomaly", 'Soruce file '!$1:$1, 0)), INDEX('Soruce file '!$A:$Z, 0, MATCH("Date", 'Soruce file '!$1:$1, 0)), ">="&$B$1, INDEX('Soruce file '!$A:$Z, 0, MATCH("Date", 'Soruce file '!$1:$1, 0)), "<="&EOMONTH($B$1,0), INDEX('Soruce file '!$A:$Z, 0, MATCH("GA*", 'Soruce file '!$1:$1, 0)), $A6), 0) -> 0 | J6: =IFERROR(SUMIFS(INDEX('Soruce file '!$A:$Z, 0, MATCH("CD", 'Soruce file '!$1:$1, 0)), INDEX('Soruce file '!$A:$Z, 0, MATCH("Date", 'Soruce file '!$1:$1, 0)), ">="&$B$1, INDEX('Soruce file '!$A:$Z, 0, MATCH("Date", 'Soruce file '!$1:$1, 0)), "<="&EOMONTH($B$1,0), INDEX('Soruce file '!$A:$Z, 0, MATCH("GA*", 'Soruce file '!$1:$1, 0)), $A6), 0) -> 0 | K6: =IFERROR(SUMIFS(INDEX('Soruce file '!$A:$Z, 0, MATCH("Night Driving", 'Soruce file '!$1:$1, 0)), INDEX('Soruce file '!$A:$Z, 0, MATCH("Date", 'Soruce file '!$1:$1, 0)), ">="&$B$1, INDEX('Soruce file '!$A:$Z, 0, MATCH("Date", 'Soruce file '!$1:$1, 0)), "<="&EOMONTH($B$1,0), INDEX('Soruce file '!$A:$Z, 0, MATCH("GA*", 'Soruce file '!$1:$1, 0)), $A6), 0) -> 0 | L6: =SUM(B6:K6) -> 0
A7: Bhopal | B7: =IFERROR(SUMIFS(INDEX('Soruce file '!$A:$Z, 0, MATCH("Mobile Usage", 'Soruce file '!$1:$1, 0)), INDEX('Soruce file '!$A:$Z, 0, MATCH("Date", 'Soruce file '!$1:$1, 0)), ">="&$B$1, INDEX('Soruce file '!$A:$Z, 0, MATCH("Date", 'Soruce file '!$1:$1, 0)), "<="&EOMONTH($B$1,0), INDEX('Soruce file '!$A:$Z, 0, MATCH("GA*", 'Soruce file '!$1:$1, 0)), $A7), 0) -> 9 | C7: =IFERROR(SUMIFS(INDEX('Soruce file '!$A:$Z, 0, MATCH("No Seatbelt", 'Soruce file '!$1:$1, 0)), INDEX('Soruce file '!$A:$Z, 0, MATCH("Date", 'Soruce file '!$1:$1, 0)), ">="&$B$1, INDEX('Soruce file '!$A:$Z, 0, MATCH("Date", 'Soruce file '!$1:$1, 0)), "<="&EOMONTH($B$1,0), INDEX('Soruce file '!$A:$Z, 0, MATCH("GA*", 'Soruce file '!$1:$1, 0)), $A7), 0) -> 3 | D7: =IFERROR(SUMIFS(INDEX('Soruce file '!$A:$Z, 0, MATCH("Yawning", 'Soruce file '!$1:$1, 0)), INDEX('Soruce file '!$A:$Z, 0, MATCH("Date", 'Soruce file '!$1:$1, 0)), ">="&$B$1, INDEX('Soruce file '!$A:$Z, 0, MATCH("Date", 'Soruce file '!$1:$1, 0)), "<="&EOMONTH($B$1,0), INDEX('Soruce file '!$A:$Z, 0, MATCH("GA*", 'Soruce file '!$1:$1, 0)), $A7), 0) -> 0 | E7: =IFERROR(SUMIFS(INDEX('Soruce file '!$A:$Z, 0, MATCH("Fatigue", 'Soruce file '!$1:$1, 0)), INDEX('Soruce file '!$A:$Z, 0, MATCH("Date", 'Soruce file '!$1:$1, 0)), ">="&$B$1, INDEX('Soruce file '!$A:$Z, 0, MATCH("Date", 'Soruce file '!$1:$1, 0)), "<="&EOMONTH($B$1,0), INDEX('Soruce file '!$A:$Z, 0, MATCH("GA*", 'Soruce file '!$1:$1, 0)), $A7), 0) -> 1 | F7: =IFERROR(SUMIFS(INDEX('Soruce file '!$A:$Z, 0, MATCH("Harsh Braking", 'Soruce file '!$1:$1, 0)), INDEX('Soruce file '!$A:$Z, 0, MATCH("Date", 'Soruce file '!$1:$1, 0)), ">="&$B$1, INDEX('Soruce file '!$A:$Z, 0, MATCH("Date", 'Soruce file '!$1:$1, 0)), "<="&EOMONTH($B$1,0), INDEX('Soruce file '!$A:$Z, 0, MATCH("GA*", 'Soruce file '!$1:$1, 0)), $A7), 0) -> 0 | G7: =IFERROR(SUMIFS(INDEX('Soruce file '!$A:$Z, 0, MATCH("Overspeed", 'Soruce file '!$1:$1, 0)), INDEX('Soruce file '!$A:$Z, 0, MATCH("Date", 'Soruce file '!$1:$1, 0)), ">="&$B$1, INDEX('Soruce file '!$A:$Z, 0, MATCH("Date", 'Soruce file '!$1:$1, 0)), "<="&EOMONTH($B$1,0), INDEX('Soruce file '!$A:$Z, 0, MATCH("GA*", 'Soruce file '!$1:$1, 0)), $A7), 0) -> 1 | H7: =IFERROR(SUMIFS(INDEX('Soruce file '!$A:$Z, 0, MATCH("Sudden Acceleration", 'Soruce file '!$1:$1, 0)), INDEX('Soruce file '!$A:$Z, 0, MATCH("Date", 'Soruce file '!$1:$1, 0)), ">="&$B$1, INDEX('Soruce file '!$A:$Z, 0, MATCH("Date", 'Soruce file '!$1:$1, 0)), "<="&EOMONTH($B$1,0), INDEX('Soruce file '!$A:$Z, 0, MATCH("GA*", 'Soruce file '!$1:$1, 0)), $A7), 0) -> 0 | I7: =IFERROR(SUMIFS(INDEX('Soruce file '!$A:$Z, 0, MATCH("Camera Anomaly", 'Soruce file '!$1:$1, 0)), INDEX('Soruce file '!$A:$Z, 0, MATCH("Date", 'Soruce file '!$1:$1, 0)), ">="&$B$1, INDEX('Soruce file '!$A:$Z, 0, MATCH("Date", 'Soruce file '!$1:$1, 0)), "<="&EOMONTH($B$1,0), INDEX('Soruce file '!$A:$Z, 0, MATCH("GA*", 'Soruce file '!$1:$1, 0)), $A7), 0) -> 0 | J7: =IFERROR(SUMIFS(INDEX('Soruce file '!$A:$Z, 0, MATCH("CD", 'Soruce file '!$1:$1, 0)), INDEX('Soruce file '!$A:$Z, 0, MATCH("Date", 'Soruce file '!$1:$1, 0)), ">="&$B$1, INDEX('Soruce file '!$A:$Z, 0, MATCH("Date", 'Soruce file '!$1:$1, 0)), "<="&EOMONTH($B$1,0), INDEX('Soruce file '!$A:$Z, 0, MATCH("GA*", 'Soruce file '!$1:$1, 0)), $A7), 0) -> 0 | K7: =IFERROR(SUMIFS(INDEX('Soruce file '!$A:$Z, 0, MATCH("Night Driving", 'Soruce file '!$1:$1, 0)), INDEX('Soruce file '!$A:$Z, 0, MATCH("Date", 'Soruce file '!$1:$1, 0)), ">="&$B$1, INDEX('Soruce file '!$A:$Z, 0, MATCH("Date", 'Soruce file '!$1:$1, 0)), "<="&EOMONTH($B$1,0), INDEX('Soruce file '!$A:$Z, 0, MATCH("GA*", 'Soruce file '!$1:$1, 0)), $A7), 0) -> 0 | L7: =SUM(B7:K7) -> 14
A8: BJJ | B8: =IFERROR(SUMIFS(INDEX('Soruce file '!$A:$Z, 0, MATCH("Mobile Usage", 'Soruce file '!$1:$1, 0)), INDEX('Soruce file '!$A:$Z, 0, MATCH("Date", 'Soruce file '!$1:$1, 0)), ">="&$B$1, INDEX('Soruce file '!$A:$Z, 0, MATCH("Date", 'Soruce file '!$1:$1, 0)), "<="&EOMONTH($B$1,0), INDEX('Soruce file '!$A:$Z, 0, MATCH("GA*", 'Soruce file '!$1:$1, 0)), $A8), 0) -> 3 | C8: =IFERROR(SUMIFS(INDEX('Soruce file '!$A:$Z, 0, MATCH("No Seatbelt", 'Soruce file '!$1:$1, 0)), INDEX('Soruce file '!$A:$Z, 0, MATCH("Date", 'Soruce file '!$1:$1, 0)), ">="&$B$1, INDEX('Soruce file '!$A:$Z, 0, MATCH("Date", 'Soruce file '!$1:$1, 0)), "<="&EOMONTH($B$1,0), INDEX('Soruce file '!$A:$Z, 0, MATCH("GA*", 'Soruce file '!$1:$1, 0)), $A8), 0) -> 1 | D8: =IFERROR(SUMIFS(INDEX('Soruce file '!$A:$Z, 0, MATCH("Yawning", 'Soruce file '!$1:$1, 0)), INDEX('Soruce file '!$A:$Z, 0, MATCH("Date", 'Soruce file '!$1:$1, 0)), ">="&$B$1, INDEX('Soruce file '!$A:$Z, 0, MATCH("Date", 'Soruce file '!$1:$1, 0)), "<="&EOMONTH($B$1,0), INDEX('Soruce file '!$A:$Z, 0, MATCH("GA*", 'Soruce file '!$1:$1, 0)), $A8), 0) -> 0 | E8: =IFERROR(SUMIFS(INDEX('Soruce file '!$A:$Z, 0, MATCH("Fatigue", 'Soruce file '!$1:$1, 0)), INDEX('Soruce file '!$A:$Z, 0, MATCH("Date", 'Soruce file '!$1:$1, 0)), ">="&$B$1, INDEX('Soruce file '!$A:$Z, 0, MATCH("Date", 'Soruce file '!$1:$1, 0)), "<="&EOMONTH($B$1,0), INDEX('Soruce file '!$A:$Z, 0, MATCH("GA*", 'Soruce file '!$1:$1, 0)), $A8), 0) -> 0 | F8: =IFERROR(SUMIFS(INDEX('Soruce file '!$A:$Z, 0, MATCH("Harsh Braking", 'Soruce file '!$1:$1, 0)), INDEX('Soruce file '!$A:$Z, 0, MATCH("Date", 'Soruce file '!$1:$1, 0)), ">="&$B$1, INDEX('Soruce file '!$A:$Z, 0, MATCH("Date", 'Soruce file '!$1:$1, 0)), "<="&EOMONTH($B$1,0), INDEX('Soruce file '!$A:$Z, 0, MATCH("GA*", 'Soruce file '!$1:$1, 0)), $A8), 0) -> 0 | G8: =IFERROR(SUMIFS(INDEX('Soruce file '!$A:$Z, 0, MATCH("Overspeed", 'Soruce file '!$1:$1, 0)), INDEX('Soruce file '!$A:$Z, 0, MATCH("Date", 'Soruce file '!$1:$1, 0)), ">="&$B$1, INDEX('Soruce file '!$A:$Z, 0, MATCH("Date", 'Soruce file '!$1:$1, 0)), "<="&EOMONTH($B$1,0), INDEX('Soruce file '!$A:$Z, 0, MATCH("GA*", 'Soruce file '!$1:$1, 0)), $A8), 0) -> 5 | H8: =IFERROR(SUMIFS(INDEX('Soruce file '!$A:$Z, 0, MATCH("Sudden Acceleration", 'Soruce file '!$1:$1, 0)), INDEX('Soruce file '!$A:$Z, 0, MATCH("Date", 'Soruce file '!$1:$1, 0)), ">="&$B$1, INDEX('Soruce file '!$A:$Z, 0, MATCH("Date", 'Soruce file '!$1:$1, 0)), "<="&EOMONTH($B$1,0), INDEX('Soruce file '!$A:$Z, 0, MATCH("GA*", 'Soruce file '!$1:$1, 0)), $A8), 0) -> 0 | I8: =IFERROR(SUMIFS(INDEX('Soruce file '!$A:$Z, 0, MATCH("Camera Anomaly", 'Soruce file '!$1:$1, 0)), INDEX('Soruce file '!$A:$Z, 0, MATCH("Date", 'Soruce file '!$1:$1, 0)), ">="&$B$1, INDEX('Soruce file '!$A:$Z, 0, MATCH("Date", 'Soruce file '!$1:$1, 0)), "<="&EOMONTH($B$1,0), INDEX('Soruce file '!$A:$Z, 0, MATCH("GA*", 'Soruce file '!$1:$1, 0)), $A8), 0) -> 2 | J8: =IFERROR(SUMIFS(INDEX('Soruce file '!$A:$Z, 0, MATCH("CD", 'Soruce file '!$1:$1, 0)), INDEX('Soruce file '!$A:$Z, 0, MATCH("Date", 'Soruce file '!$1:$1, 0)), ">="&$B$1, INDEX('Soruce file '!$A:$Z, 0, MATCH("Date", 'Soruce file '!$1:$1, 0)), "<="&EOMONTH($B$1,0), INDEX('Soruce file '!$A:$Z, 0, MATCH("GA*", 'Soruce file '!$1:$1, 0)), $A8), 0) -> 0 | K8: =IFERROR(SUMIFS(INDEX('Soruce file '!$A:$Z, 0, MATCH("Night Driving", 'Soruce file '!$1:$1, 0)), INDEX('Soruce file '!$A:$Z, 0, MATCH("Date", 'Soruce file '!$1:$1, 0)), ">="&$B$1, INDEX('Soruce file '!$A:$Z, 0, MATCH("Date", 'Soruce file '!$1:$1, 0)), "<="&EOMONTH($B$1,0), INDEX('Soruce file '!$A:$Z, 0, MATCH("GA*", 'Soruce file '!$1:$1, 0)), $A8), 0) -> 0 | L8: =SUM(B8:K8) -> 11
A9: BKR | B9: =IFERROR(SUMIFS(INDEX('Soruce file '!$A:$Z, 0, MATCH("Mobile Usage", 'Soruce file '!$1:$1, 0)), INDEX('Soruce file '!$A:$Z, 0, MATCH("Date", 'Soruce file '!$1:$1, 0)), ">="&$B$1, INDEX('Soruce file '!$A:$Z, 0, MATCH("Date", 'Soruce file '!$1:$1, 0)), "<="&EOMONTH($B$1,0), INDEX('Soruce file '!$A:$Z, 0, MATCH("GA*", 'Soruce file '!$1:$1, 0)), $A9), 0) -> 0 | C9: =IFERROR(SUMIFS(INDEX('Soruce file '!$A:$Z, 0, MATCH("No Seatbelt", 'Soruce file '!$1:$1, 0)), INDEX('Soruce file '!$A:$Z, 0, MATCH("Date", 'Soruce file '!$1:$1, 0)), ">="&$B$1, INDEX('Soruce file '!$A:$Z, 0, MATCH("Date", 'Soruce file '!$1:$1, 0)), "<="&EOMONTH($B$1,0), INDEX('Soruce file '!$A:$Z, 0, MATCH("GA*", 'Soruce file '!$1:$1, 0)), $A9), 0) -> 0 | D9: =IFERROR(SUMIFS(INDEX('Soruce file '!$A:$Z, 0, MATCH("Yawning", 'Soruce file '!$1:$1, 0)), INDEX('Soruce file '!$A:$Z, 0, MATCH("Date", 'Soruce file '!$1:$1, 0)), ">="&$B$1, INDEX('Soruce file '!$A:$Z, 0, MATCH("Date", 'Soruce file '!$1:$1, 0)), "<="&EOMONTH($B$1,0), INDEX('Soruce file '!$A:$Z, 0, MATCH("GA*", 'Soruce file '!$1:$1, 0)), $A9), 0) -> 0 | E9: =IFERROR(SUMIFS(INDEX('Soruce file '!$A:$Z, 0, MATCH("Fatigue", 'Soruce file '!$1:$1, 0)), INDEX('Soruce file '!$A:$Z, 0, MATCH("Date", 'Soruce file '!$1:$1, 0)), ">="&$B$1, INDEX('Soruce file '!$A:$Z, 0, MATCH("Date", 'Soruce file '!$1:$1, 0)), "<="&EOMONTH($B$1,0), INDEX('Soruce file '!$A:$Z, 0, MATCH("GA*", 'Soruce file '!$1:$1, 0)), $A9), 0) -> 1 | F9: =IFERROR(SUMIFS(INDEX('Soruce file '!$A:$Z, 0, MATCH("Harsh Braking", 'Soruce file '!$1:$1, 0)), INDEX('Soruce file '!$A:$Z, 0, MATCH("Date", 'Soruce file '!$1:$1, 0)), ">="&$B$1, INDEX('Soruce file '!$A:$Z, 0, MATCH("Date", 'Soruce file '!$1:$1, 0)), "<="&EOMONTH($B$1,0), INDEX('Soruce file '!$A:$Z, 0, MATCH("GA*", 'Soruce file '!$1:$1, 0)), $A9), 0) -> 0 | G9: =IFERROR(SUMIFS(INDEX('Soruce file '!$A:$Z, 0, MATCH("Overspeed", 'Soruce file '!$1:$1, 0)), INDEX('Soruce file '!$A:$Z, 0, MATCH("Date", 'Soruce file '!$1:$1, 0)), ">="&$B$1, INDEX('Soruce file '!$A:$Z, 0, MATCH("Date", 'Soruce file '!$1:$1, 0)), "<="&EOMONTH($B$1,0), INDEX('Soruce file '!$A:$Z, 0, MATCH("GA*", 'Soruce file '!$1:$1, 0)), $A9), 0) -> 0 | H9: =IFERROR(SUMIFS(INDEX('Soruce file '!$A:$Z, 0, MATCH("Sudden Acceleration", 'Soruce file '!$1:$1, 0)), INDEX('Soruce file '!$A:$Z, 0, MATCH("Date", 'Soruce file '!$1:$1, 0)), ">="&$B$1, INDEX('Soruce file '!$A:$Z, 0, MATCH("Date", 'Soruce file '!$1:$1, 0)), "<="&EOMONTH($B$1,0), INDEX('Soruce file '!$A:$Z, 0, MATCH("GA*", 'Soruce file '!$1:$1, 0)), $A9), 0) -> 0 | I9: =IFERROR(SUMIFS(INDEX('Soruce file '!$A:$Z, 0, MATCH("Camera Anomaly", 'Soruce file '!$1:$1, 0)), INDEX('Soruce file '!$A:$Z, 0, MATCH("Date", 'Soruce file '!$1:$1, 0)), ">="&$B$1, INDEX('Soruce file '!$A:$Z, 0, MATCH("Date", 'Soruce file '!$1:$1, 0)), "<="&EOMONTH($B$1,0), INDEX('Soruce file '!$A:$Z, 0, MATCH("GA*", 'Soruce file '!$1:$1, 0)), $A9), 0) -> 0 | J9: =IFERROR(SUMIFS(INDEX('Soruce file '!$A:$Z, 0, MATCH("CD", 'Soruce file '!$1:$1, 0)), INDEX('Soruce file '!$A:$Z, 0, MATCH("Date", 'Soruce file '!$1:$1, 0)), ">="&$B$1, INDEX('Soruce file '!$A:$Z, 0, MATCH("Date", 'Soruce file '!$1:$1, 0)), "<="&EOMONTH($B$1,0), INDEX('Soruce file '!$A:$Z, 0, MATCH("GA*", 'Soruce file '!$1:$1, 0)), $A9), 0) -> 0 | K9: =IFERROR(SUMIFS(INDEX('Soruce file '!$A:$Z, 0, MATCH("Night Driving", 'Soruce file '!$1:$1, 0)), INDEX('Soruce file '!$A:$Z, 0, MATCH("Date", 'Soruce file '!$1:$1, 0)), ">="&$B$1, INDEX('Soruce file '!$A:$Z, 0, MATCH("Date", 'Soruce file '!$1:$1, 0)), "<="&EOMONTH($B$1,0), INDEX('Soruce file '!$A:$Z, 0, MATCH("GA*", 'Soruce file '!$1:$1, 0)), $A9), 0) -> 0 | L9: =SUM(B9:K9) -> 1
A10: Chittoor | B10: =IFERROR(SUMIFS(INDEX('Soruce file '!$A:$Z, 0, MATCH("Mobile Usage", 'Soruce file '!$1:$1, 0)), INDEX('Soruce file '!$A:$Z, 0, MATCH("Date", 'Soruce file '!$1:$1, 0)), ">="&$B$1, INDEX('Soruce file '!$A:$Z, 0, MATCH("Date", 'Soruce file '!$1:$1, 0)), "<="&EOMONTH($B$1,0), INDEX('Soruce file '!$A:$Z, 0, MATCH("GA*", 'Soruce file '!$1:$1, 0)), $A10), 0) -> 0 | C10: =IFERROR(SUMIFS(INDEX('Soruce file '!$A:$Z, 0, MATCH("No Seatbelt", 'Soruce file '!$1:$1, 0)), INDEX('Soruce file '!$A:$Z, 0, MATCH("Date", 'Soruce file '!$1:$1, 0)), ">="&$B$1, INDEX('Soruce file '!$A:$Z, 0, MATCH("Date", 'Soruce file '!$1:$1, 0)), "<="&EOMONTH($B$1,0), INDEX('Soruce file '!$A:$Z, 0, MATCH("GA*", 'Soruce file '!$1:$1, 0)), $A10), 0) -> 0 | D10: =IFERROR(SUMIFS(INDEX('Soruce file '!$A:$Z, 0, MATCH("Yawning", 'Soruce file '!$1:$1, 0)), INDEX('Soruce file '!$A:$Z, 0, MATCH("Date", 'Soruce file '!$1:$1, 0)), ">="&$B$1, INDEX('Soruce file '!$A:$Z, 0, MATCH("Date", 'Soruce file '!$1:$1, 0)), "<="&EOMONTH($B$1,0), INDEX('Soruce file '!$A:$Z, 0, MATCH("GA*", 'Soruce file '!$1:$1, 0)), $A10), 0) -> 0 | E10: =IFERROR(SUMIFS(INDEX('Soruce file '!$A:$Z, 0, MATCH("Fatigue", 'Soruce file '!$1:$1, 0)), INDEX('Soruce file '!$A:$Z, 0, MATCH("Date", 'Soruce file '!$1:$1, 0)), ">="&$B$1, INDEX('Soruce file '!$A:$Z, 0, MATCH("Date", 'Soruce file '!$1:$1, 0)), "<="&EOMONTH($B$1,0), INDEX('Soruce file '!$A:$Z, 0, MATCH("GA*", 'Soruce file '!$1:$1, 0)), $A10), 0) -> 0 | F10: =IFERROR(SUMIFS(INDEX('Soruce file '!$A:$Z, 0, MATCH("Harsh Braking", 'Soruce file '!$1:$1, 0)), INDEX('Soruce file '!$A:$Z, 0, MATCH("Date", 'Soruce file '!$1:$1, 0)), ">="&$B$1, INDEX('Soruce file '!$A:$Z, 0, MATCH("Date", 'Soruce file '!$1:$1, 0)), "<="&EOMONTH($B$1,0), INDEX('Soruce file '!$A:$Z, 0, MATCH("GA*", 'Soruce file '!$1:$1, 0)), $A10), 0) -> 0 | G10: =IFERROR(SUMIFS(INDEX('Soruce file '!$A:$Z, 0, MATCH("Overspeed", 'Soruce file '!$1:$1, 0)), INDEX('Soruce file '!$A:$Z, 0, MATCH("Date", 'Soruce file '!$1:$1, 0)), ">="&$B$1, INDEX('Soruce file '!$A:$Z, 0, MATCH("Date", 'Soruce file '!$1:$1, 0)), "<="&EOMONTH($B$1,0), INDEX('Soruce file '!$A:$Z, 0, MATCH("GA*", 'Soruce file '!$1:$1, 0)), $A10), 0) -> 0 | H10: =IFERROR(SUMIFS(INDEX('Soruce file '!$A:$Z, 0, MATCH("Sudden Acceleration", 'Soruce file '!$1:$1, 0)), INDEX('Soruce file '!$A:$Z, 0, MATCH("Date", 'Soruce file '!$1:$1, 0)), ">="&$B$1, INDEX('Soruce file '!$A:$Z, 0, MATCH("Date", 'Soruce file '!$1:$1, 0)), "<="&EOMONTH($B$1,0), INDEX('Soruce file '!$A:$Z, 0, MATCH("GA*", 'Soruce file '!$1:$1, 0)), $A10), 0) -> 0 | I10: =IFERROR(SUMIFS(INDEX('Soruce file '!$A:$Z, 0, MATCH("Camera Anomaly", 'Soruce file '!$1:$1, 0)), INDEX('Soruce file '!$A:$Z, 0, MATCH("Date", 'Soruce file '!$1:$1, 0)), ">="&$B$1, INDEX('Soruce file '!$A:$Z, 0, MATCH("Date", 'Soruce file '!$1:$1, 0)), "<="&EOMONTH($B$1,0), INDEX('Soruce file '!$A:$Z, 0, MATCH("GA*", 'Soruce file '!$1:$1, 0)), $A10), 0) -> 0 | J10: =IFERROR(SUMIFS(INDEX('Soruce file '!$A:$Z, 0, MATCH("CD", 'Soruce file '!$1:$1, 0)), INDEX('Soruce file '!$A:$Z, 0, MATCH("Date", 'Soruce file '!$1:$1, 0)), ">="&$B$1, INDEX('Soruce file '!$A:$Z, 0, MATCH("Date", 'Soruce file '!$1:$1, 0)), "<="&EOMONTH($B$1,0), INDEX('Soruce file '!$A:$Z, 0, MATCH("GA*", 'Soruce file '!$1:$1, 0)), $A10), 0) -> 0 | K10: =IFERROR(SUMIFS(INDEX('Soruce file '!$A:$Z, 0, MATCH("Night Driving", 'Soruce file '!$1:$1, 0)), INDEX('Soruce file '!$A:$Z, 0, MATCH("Date", 'Soruce file '!$1:$1, 0)), ">="&$B$1, INDEX('Soruce file '!$A:$Z, 0, MATCH("Date", 'Soruce file '!$1:$1, 0)), "<="&EOMONTH($B$1,0), INDEX('Soruce file '!$A:$Z, 0, MATCH("GA*", 'Soruce file '!$1:$1, 0)), $A10), 0) -> 0 | L10: =SUM(B10:K10) -> 0
A11: CHK | B11: =IFERROR(SUMIFS(INDEX('Soruce file '!$A:$Z, 0, MATCH("Mobile Usage", 'Soruce file '!$1:$1, 0)), INDEX('Soruce file '!$A:$Z, 0, MATCH("Date", 'Soruce file '!$1:$1, 0)), ">="&$B$1, INDEX('Soruce file '!$A:$Z, 0, MATCH("Date", 'Soruce file '!$1:$1, 0)), "<="&EOMONTH($B$1,0), INDEX('Soruce file '!$A:$Z, 0, MATCH("GA*", 'Soruce file '!$1:$1, 0)), $A11), 0) -> 0 | C11: =IFERROR(SUMIFS(INDEX('Soruce file '!$A:$Z, 0, MATCH("No Seatbelt", 'Soruce file '!$1:$1, 0)), INDEX('Soruce file '!$A:$Z, 0, MATCH("Date", 'Soruce file '!$1:$1, 0)), ">="&$B$1, INDEX('Soruce file '!$A:$Z, 0, MATCH("Date", 'Soruce file '!$1:$1, 0)), "<="&EOMONTH($B$1,0), INDEX('Soruce file '!$A:$Z, 0, MATCH("GA*", 'Soruce file '!$1:$1, 0)), $A11), 0) -> 1 | D11: =IFERROR(SUMIFS(INDEX('Soruce file '!$A:$Z, 0, MATCH("Yawning", 'Soruce file '!$1:$1, 0)), INDEX('Soruce file '!$A:$Z, 0, MATCH("Date", 'Soruce file '!$1:$1, 0)), ">="&$B$1, INDEX('Soruce file '!$A:$Z, 0, MATCH("Date", 'Soruce file '!$1:$1, 0)), "<="&EOMONTH($B$1,0), INDEX('Soruce file '!$A:$Z, 0, MATCH("GA*", 'Soruce file '!$1:$1, 0)), $A11), 0) -> 0 | E11: =IFERROR(SUMIFS(INDEX('Soruce file '!$A:$Z, 0, MATCH("Fatigue", 'Soruce file '!$1:$1, 0)), INDEX('Soruce file '!$A:$Z, 0, MATCH("Date", 'Soruce file '!$1:$1, 0)), ">="&$B$1, INDEX('Soruce file '!$A:$Z, 0, MATCH("Date", 'Soruce file '!$1:$1, 0)), "<="&EOMONTH($B$1,0), INDEX('Soruce file '!$A:$Z, 0, MATCH("GA*", 'Soruce file '!$1:$1, 0)), $A11), 0) -> 1 | F11: =IFERROR(SUMIFS(INDEX('Soruce file '!$A:$Z, 0, MATCH("Harsh Braking", 'Soruce file '!$1:$1, 0)), INDEX('Soruce file '!$A:$Z, 0, MATCH("Date", 'Soruce file '!$1:$1, 0)), ">="&$B$1, INDEX('Soruce file '!$A:$Z, 0, MATCH("Date", 'Soruce file '!$1:$1, 0)), "<="&EOMONTH($B$1,0), INDEX('Soruce file '!$A:$Z, 0, MATCH("GA*", 'Soruce file '!$1:$1, 0)), $A11), 0) -> 0 | G11: =IFERROR(SUMIFS(INDEX('Soruce file '!$A:$Z, 0, MATCH("Overspeed", 'Soruce file '!$1:$1, 0)), INDEX('Soruce file '!$A:$Z, 0, MATCH("Date", 'Soruce file '!$1:$1, 0)), ">="&$B$1, INDEX('Soruce file '!$A:$Z, 0, MATCH("Date", 'Soruce file '!$1:$1, 0)), "<="&EOMONTH($B$1,0), INDEX('Soruce file '!$A:$Z, 0, MATCH("GA*", 'Soruce file '!$1:$1, 0)), $A11), 0) -> 0 | H11: =IFERROR(SUMIFS(INDEX('Soruce file '!$A:$Z, 0, MATCH("Sudden Acceleration", 'Soruce file '!$1:$1, 0)), INDEX('Soruce file '!$A:$Z, 0, MATCH("Date", 'Soruce file '!$1:$1, 0)), ">="&$B$1, INDEX('Soruce file '!$A:$Z, 0, MATCH("Date", 'Soruce file '!$1:$1, 0)), "<="&EOMONTH($B$1,0), INDEX('Soruce file '!$A:$Z, 0, MATCH("GA*", 'Soruce file '!$1:$1, 0)), $A11), 0) -> 0 | I11: =IFERROR(SUMIFS(INDEX('Soruce file '!$A:$Z, 0, MATCH("Camera Anomaly", 'Soruce file '!$1:$1, 0)), INDEX('Soruce file '!$A:$Z, 0, MATCH("Date", 'Soruce file '!$1:$1, 0)), ">="&$B$1, INDEX('Soruce file '!$A:$Z, 0, MATCH("Date", 'Soruce file '!$1:$1, 0)), "<="&EOMONTH($B$1,0), INDEX('Soruce file '!$A:$Z, 0, MATCH("GA*", 'Soruce file '!$1:$1, 0)), $A11), 0) -> 0 | J11: =IFERROR(SUMIFS(INDEX('Soruce file '!$A:$Z, 0, MATCH("CD", 'Soruce file '!$1:$1, 0)), INDEX('Soruce file '!$A:$Z, 0, MATCH("Date", 'Soruce file '!$1:$1, 0)), ">="&$B$1, INDEX('Soruce file '!$A:$Z, 0, MATCH("Date", 'Soruce file '!$1:$1, 0)), "<="&EOMONTH($B$1,0), INDEX('Soruce file '!$A:$Z, 0, MATCH("GA*", 'Soruce file '!$1:$1, 0)), $A11), 0) -> 0 | K11: =IFERROR(SUMIFS(INDEX('Soruce file '!$A:$Z, 0, MATCH("Night Driving", 'Soruce file '!$1:$1, 0)), INDEX('Soruce file '!$A:$Z, 0, MATCH("Date", 'Soruce file '!$1:$1, 0)), ">="&$B$1, INDEX('Soruce file '!$A:$Z, 0, MATCH("Date", 'Soruce file '!$1:$1, 0)), "<="&EOMONTH($B$1,0), INDEX('Soruce file '!$A:$Z, 0, MATCH("GA*", 'Soruce file '!$1:$1, 0)), $A11), 0) -> 0 | L11: =SUM(B11:K11) -> 2
A12: Dahej | B12: =IFERROR(SUMIFS(INDEX('Soruce file '!$A:$Z, 0, MATCH("Mobile Usage", 'Soruce file '!$1:$1, 0)), INDEX('Soruce file '!$A:$Z, 0, MATCH("Date", 'Soruce file '!$1:$1, 0)), ">="&$B$1, INDEX('Soruce file '!$A:$Z, 0, MATCH("Date", 'Soruce file '!$1:$1, 0)), "<="&EOMONTH($B$1,0), INDEX('Soruce file '!$A:$Z, 0, MATCH("GA*", 'Soruce file '!$1:$1, 0)), $A12), 0) -> 7 | C12: =IFERROR(SUMIFS(INDEX('Soruce file '!$A:$Z, 0, MATCH("No Seatbelt", 'Soruce file '!$1:$1, 0)), INDEX('Soruce file '!$A:$Z, 0, MATCH("Date", 'Soruce file '!$1:$1, 0)), ">="&$B$1, INDEX('Soruce file '!$A:$Z, 0, MATCH("Date", 'Soruce file '!$1:$1, 0)), "<="&EOMONTH($B$1,0), INDEX('Soruce file '!$A:$Z, 0, MATCH("GA*", 'Soruce file '!$1:$1, 0)), $A12), 0) -> 5 | D12: =IFERROR(SUMIFS(INDEX('Soruce file '!$A:$Z, 0, MATCH("Yawning", 'Soruce file '!$1:$1, 0)), INDEX('Soruce file '!$A:$Z, 0, MATCH("Date", 'Soruce file '!$1:$1, 0)), ">="&$B$1, INDEX('Soruce file '!$A:$Z, 0, MATCH("Date", 'Soruce file '!$1:$1, 0)), "<="&EOMONTH($B$1,0), INDEX('Soruce file '!$A:$Z, 0, MATCH("GA*", 'Soruce file '!$1:$1, 0)), $A12), 0) -> 0 | E12: =IFERROR(SUMIFS(INDEX('Soruce file '!$A:$Z, 0, MATCH("Fatigue", 'Soruce file '!$1:$1, 0)), INDEX('Soruce file '!$A:$Z, 0, MATCH("Date", 'Soruce file '!$1:$1, 0)), ">="&$B$1, INDEX('Soruce file '!$A:$Z, 0, MATCH("Date", 'Soruce file '!$1:$1, 0)), "<="&EOMONTH($B$1,0), INDEX('Soruce file '!$A:$Z, 0, MATCH("GA*", 'Soruce file '!$1:$1, 0)), $A12), 0) -> 1 | F12: =IFERROR(SUMIFS(INDEX('Soruce file '!$A:$Z, 0, MATCH("Harsh Braking", 'Soruce file '!$1:$1, 0)), INDEX('Soruce file '!$A:$Z, 0, MATCH("Date", 'Soruce file '!$1:$1, 0)), ">="&$B$1, INDEX('Soruce file '!$A:$Z, 0, MATCH("Date", 'Soruce file '!$1:$1, 0)), "<="&EOMONTH($B$1,0), INDEX('Soruce file '!$A:$Z, 0, MATCH("GA*", 'Soruce file '!$1:$1, 0)), $A12), 0) -> 0 | G12: =IFERROR(SUMIFS(INDEX('Soruce file '!$A:$Z, 0, MATCH("Overspeed", 'Soruce file '!$1:$1, 0)), INDEX('Soruce file '!$A:$Z, 0, MATCH("Date", 'Soruce file '!$1:$1, 0)), ">="&$B$1, INDEX('Soruce file '!$A:$Z, 0, MATCH("Date", 'Soruce file '!$1:$1, 0)), "<="&EOMONTH($B$1,0), INDEX('Soruce file '!$A:$Z, 0, MATCH("GA*", 'Soruce file '!$1:$1, 0)), $A12), 0) -> 0 | H12: =IFERROR(SUMIFS(INDEX('Soruce file '!$A:$Z, 0, MATCH("Sudden Acceleration", 'Soruce file '!$1:$1, 0)), INDEX('Soruce file '!$A:$Z, 0, MATCH("Date", 'Soruce file '!$1:$1, 0)), ">="&$B$1, INDEX('Soruce file '!$A:$Z, 0, MATCH("Date", 'Soruce file '!$1:$1, 0)), "<="&EOMONTH($B$1,0), INDEX('Soruce file '!$A:$Z, 0, MATCH("GA*", 'Soruce file '!$1:$1, 0)), $A12), 0) -> 0 | I12: =IFERROR(SUMIFS(INDEX('Soruce file '!$A:$Z, 0, MATCH("Camera Anomaly", 'Soruce file '!$1:$1, 0)), INDEX('Soruce file '!$A:$Z, 0, MATCH("Date", 'Soruce file '!$1:$1, 0)), ">="&$B$1, INDEX('Soruce file '!$A:$Z, 0, MATCH("Date", 'Soruce file '!$1:$1, 0)), "<="&EOMONTH($B$1,0), INDEX('Soruce file '!$A:$Z, 0, MATCH("GA*", 'Soruce file '!$1:$1, 0)), $A12), 0) -> 0 | J12: =IFERROR(SUMIFS(INDEX('Soruce file '!$A:$Z, 0, MATCH("CD", 'Soruce file '!$1:$1, 0)), INDEX('Soruce file '!$A:$Z, 0, MATCH("Date", 'Soruce file '!$1:$1, 0)), ">="&$B$1, INDEX('Soruce file '!$A:$Z, 0, MATCH("Date", 'Soruce file '!$1:$1, 0)), "<="&EOMONTH($B$1,0), INDEX('Soruce file '!$A:$Z, 0, MATCH("GA*", 'Soruce file '!$1:$1, 0)), $A12), 0) -> 0 | K12: =IFERROR(SUMIFS(INDEX('Soruce file '!$A:$Z, 0, MATCH("Night Driving", 'Soruce file '!$1:$1, 0)), INDEX('Soruce file '!$A:$Z, 0, MATCH("Date", 'Soruce file '!$1:$1, 0)), ">="&$B$1, INDEX('Soruce file '!$A:$Z, 0, MATCH("Date", 'Soruce file '!$1:$1, 0)), "<="&EOMONTH($B$1,0), INDEX('Soruce file '!$A:$Z, 0, MATCH("GA*", 'Soruce file '!$1:$1, 0)), $A12), 0) -> 0 | L12: =SUM(B12:K12) -> 13
A13: Ennore | B13: =IFERROR(SUMIFS(INDEX('Soruce file '!$A:$Z, 0, MATCH("Mobile Usage", 'Soruce file '!$1:$1, 0)), INDEX('Soruce file '!$A:$Z, 0, MATCH("Date", 'Soruce file '!$1:$1, 0)), ">="&$B$1, INDEX('Soruce file '!$A:$Z, 0, MATCH("Date", 'Soruce file '!$1:$1, 0)), "<="&EOMONTH($B$1,0), INDEX('Soruce file '!$A:$Z, 0, MATCH("GA*", 'Soruce file '!$1:$1, 0)), $A13), 0) -> 7 | C13: =IFERROR(SUMIFS(INDEX('Soruce file '!$A:$Z, 0, MATCH("No Seatbelt", 'Soruce file '!$1:$1, 0)), INDEX('Soruce file '!$A:$Z, 0, MATCH("Date", 'Soruce file '!$1:$1, 0)), ">="&$B$1, INDEX('Soruce file '!$A:$Z, 0, MATCH("Date", 'Soruce file '!$1:$1, 0)), "<="&EOMONTH($B$1,0), INDEX('Soruce file '!$A:$Z, 0, MATCH("GA*", 'Soruce file '!$1:$1, 0)), $A13), 0) -> 0 | D13: =IFERROR(SUMIFS(INDEX('Soruce file '!$A:$Z, 0, MATCH("Yawning", 'Soruce file '!$1:$1, 0)), INDEX('Soruce file '!$A:$Z, 0, MATCH("Date", 'Soruce file '!$1:$1, 0)), ">="&$B$1, INDEX('Soruce file '!$A:$Z, 0, MATCH("Date", 'Soruce file '!$1:$1, 0)), "<="&EOMONTH($B$1,0), INDEX('Soruce file '!$A:$Z, 0, MATCH("GA*", 'Soruce file '!$1:$1, 0)), $A13), 0) -> 0 | E13: =IFERROR(SUMIFS(INDEX('Soruce file '!$A:$Z, 0, MATCH("Fatigue", 'Soruce file '!$1:$1, 0)), INDEX('Soruce file '!$A:$Z, 0, MATCH("Date", 'Soruce file '!$1:$1, 0)), ">="&$B$1, INDEX('Soruce file '!$A:$Z, 0, MATCH("Date", 'Soruce file '!$1:$1, 0)), "<="&EOMONTH($B$1,0), INDEX('Soruce file '!$A:$Z, 0, MATCH("GA*", 'Soruce file '!$1:$1, 0)), $A13), 0) -> 2 | F13: =IFERROR(SUMIFS(INDEX('Soruce file '!$A:$Z, 0, MATCH("Harsh Braking", 'Soruce file '!$1:$1, 0)), INDEX('Soruce file '!$A:$Z, 0, MATCH("Date", 'Soruce file '!$1:$1, 0)), ">="&$B$1, INDEX('Soruce file '!$A:$Z, 0, MATCH("Date", 'Soruce file '!$1:$1, 0)), "<="&EOMONTH($B$1,0), INDEX('Soruce file '!$A:$Z, 0, MATCH("GA*", 'Soruce file '!$1:$1, 0)), $A13), 0) -> 0 | G13: =IFERROR(SUMIFS(INDEX('Soruce file '!$A:$Z, 0, MATCH("Overspeed", 'Soruce file '!$1:$1, 0)), INDEX('Soruce file '!$A:$Z, 0, MATCH("Date", 'Soruce file '!$1:$1, 0)), ">="&$B$1, INDEX('Soruce file '!$A:$Z, 0, MATCH("Date", 'Soruce file '!$1:$1, 0)), "<="&EOMONTH($B$1,0), INDEX('Soruce file '!$A:$Z, 0, MATCH("GA*", 'Soruce file '!$1:$1, 0)), $A13), 0) -> 2 | H13: =IFERROR(SUMIFS(INDEX('Soruce file '!$A:$Z, 0, MATCH("Sudden Acceleration", 'Soruce file '!$1:$1, 0)), INDEX('Soruce file '!$A:$Z, 0, MATCH("Date", 'Soruce file '!$1:$1, 0)), ">="&$B$1, INDEX('Soruce file '!$A:$Z, 0, MATCH("Date", 'Soruce file '!$1:$1, 0)), "<="&EOMONTH($B$1,0), INDEX('Soruce file '!$A:$Z, 0, MATCH("GA*", 'Soruce file '!$1:$1, 0)), $A13), 0) -> 0 | I13: =IFERROR(SUMIFS(INDEX('Soruce file '!$A:$Z, 0, MATCH("Camera Anomaly", 'Soruce file '!$1:$1, 0)), INDEX('Soruce file '!$A:$Z, 0, MATCH("Date", 'Soruce file '!$1:$1, 0)), ">="&$B$1, INDEX('Soruce file '!$A:$Z, 0, MATCH("Date", 'Soruce file '!$1:$1, 0)), "<="&EOMONTH($B$1,0), INDEX('Soruce file '!$A:$Z, 0, MATCH("GA*", 'Soruce file '!$1:$1, 0)), $A13), 0) -> 6 | J13: =IFERROR(SUMIFS(INDEX('Soruce file '!$A:$Z, 0, MATCH("CD", 'Soruce file '!$1:$1, 0)), INDEX('Soruce file '!$A:$Z, 0, MATCH("Date", 'Soruce file '!$1:$1, 0)), ">="&$B$1, INDEX('Soruce file '!$A:$Z, 0, MATCH("Date", 'Soruce file '!$1:$1, 0)), "<="&EOMONTH($B$1,0), INDEX('Soruce file '!$A:$Z, 0, MATCH("GA*", 'Soruce file '!$1:$1, 0)), $A13), 0) -> 0 | K13: =IFERROR(SUMIFS(INDEX('Soruce file '!$A:$Z, 0, MATCH("Night Driving", 'Soruce file '!$1:$1, 0)), INDEX('Soruce file '!$A:$Z, 0, MATCH("Date", 'Soruce file '!$1:$1, 0)), ">="&$B$1, INDEX('Soruce file '!$A:$Z, 0, MATCH("Date", 'Soruce file '!$1:$1, 0)), "<="&EOMONTH($B$1,0), INDEX('Soruce file '!$A:$Z, 0, MATCH("GA*", 'Soruce file '!$1:$1, 0)), $A13), 0) -> 0 | L13: =SUM(B13:K13) -> 17
A14: Hazira | B14: =IFERROR(SUMIFS(INDEX('Soruce file '!$A:$Z, 0, MATCH("Mobile Usage", 'Soruce file '!$1:$1, 0)), INDEX('Soruce file '!$A:$Z, 0, MATCH("Date", 'Soruce file '!$1:$1, 0)), ">="&$B$1, INDEX('Soruce file '!$A:$Z, 0, MATCH("Date", 'Soruce file '!$1:$1, 0)), "<="&EOMONTH($B$1,0), INDEX('Soruce file '!$A:$Z, 0, MATCH("GA*", 'Soruce file '!$1:$1, 0)), $A14), 0) -> 0 | C14: =IFERROR(SUMIFS(INDEX('Soruce file '!$A:$Z, 0, MATCH("No Seatbelt", 'Soruce file '!$1:$1, 0)), INDEX('Soruce file '!$A:$Z, 0, MATCH("Date", 'Soruce file '!$1:$1, 0)), ">="&$B$1, INDEX('Soruce file '!$A:$Z, 0, MATCH("Date", 'Soruce file '!$1:$1, 0)), "<="&EOMONTH($B$1,0), INDEX('Soruce file '!$A:$Z, 0, MATCH("GA*", 'Soruce file '!$1:$1, 0)), $A14), 0) -> 0 | D14: =IFERROR(SUMIFS(INDEX('Soruce file '!$A:$Z, 0, MATCH("Yawning", 'Soruce file '!$1:$1, 0)), INDEX('Soruce file '!$A:$Z, 0, MATCH("Date", 'Soruce file '!$1:$1, 0)), ">="&$B$1, INDEX('Soruce file '!$A:$Z, 0, MATCH("Date", 'Soruce file '!$1:$1, 0)), "<="&EOMONTH($B$1,0), INDEX('Soruce file '!$A:$Z, 0, MATCH("GA*", 'Soruce file '!$1:$1, 0)), $A14), 0) -> 1 | E14: =IFERROR(SUMIFS(INDEX('Soruce file '!$A:$Z, 0, MATCH("Fatigue", 'Soruce file '!$1:$1, 0)), INDEX('Soruce file '!$A:$Z, 0, MATCH("Date", 'Soruce file '!$1:$1, 0)), ">="&$B$1, INDEX('Soruce file '!$A:$Z, 0, MATCH("Date", 'Soruce file '!$1:$1, 0)), "<="&EOMONTH($B$1,0), INDEX('Soruce file '!$A:$Z, 0, MATCH("GA*", 'Soruce file '!$1:$1, 0)), $A14), 0) -> 0 | F14: =IFERROR(SUMIFS(INDEX('Soruce file '!$A:$Z, 0, MATCH("Harsh Braking", 'Soruce file '!$1:$1, 0)), INDEX('Soruce file '!$A:$Z, 0, MATCH("Date", 'Soruce file '!$1:$1, 0)), ">="&$B$1, INDEX('Soruce file '!$A:$Z, 0, MATCH("Date", 'Soruce file '!$1:$1, 0)), "<="&EOMONTH($B$1,0), INDEX('Soruce file '!$A:$Z, 0, MATCH("GA*", 'Soruce file '!$1:$1, 0)), $A14), 0) -> 0 | G14: =IFERROR(SUMIFS(INDEX('Soruce file '!$A:$Z, 0, MATCH("Overspeed", 'Soruce file '!$1:$1, 0)), INDEX('Soruce file '!$A:$Z, 0, MATCH("Date", 'Soruce file '!$1:$1, 0)), ">="&$B$1, INDEX('Soruce file '!$A:$Z, 0, MATCH("Date", 'Soruce file '!$1:$1, 0)), "<="&EOMONTH($B$1,0), INDEX('Soruce file '!$A:$Z, 0, MATCH("GA*", 'Soruce file '!$1:$1, 0)), $A14), 0) -> 0 | H14: =IFERROR(SUMIFS(INDEX('Soruce file '!$A:$Z, 0, MATCH("Sudden Acceleration", 'Soruce file '!$1:$1, 0)), INDEX('Soruce file '!$A:$Z, 0, MATCH("Date", 'Soruce file '!$1:$1, 0)), ">="&$B$1, INDEX('Soruce file '!$A:$Z, 0, MATCH("Date", 'Soruce file '!$1:$1, 0)), "<="&EOMONTH($B$1,0), INDEX('Soruce file '!$A:$Z, 0, MATCH("GA*", 'Soruce file '!$1:$1, 0)), $A14), 0) -> 0 | I14: =IFERROR(SUMIFS(INDEX('Soruce file '!$A:$Z, 0, MATCH("Camera Anomaly", 'Soruce file '!$1:$1, 0)), INDEX('Soruce file '!$A:$Z, 0, MATCH("Date", 'Soruce file '!$1:$1, 0)), ">="&$B$1, INDEX('Soruce file '!$A:$Z, 0, MATCH("Date", 'Soruce file '!$1:$1, 0)), "<="&EOMONTH($B$1,0), INDEX('Soruce file '!$A:$Z, 0, MATCH("GA*", 'Soruce file '!$1:$1, 0)), $A14), 0) -> 0 | J14: =IFERROR(SUMIFS(INDEX('Soruce file '!$A:$Z, 0, MATCH("CD", 'Soruce file '!$1:$1, 0)), INDEX('Soruce file '!$A:$Z, 0, MATCH("Date", 'Soruce file '!$1:$1, 0)), ">="&$B$1, INDEX('Soruce file '!$A:$Z, 0, MATCH("Date", 'Soruce file '!$1:$1, 0)), "<="&EOMONTH($B$1,0), INDEX('Soruce file '!$A:$Z, 0, MATCH("GA*", 'Soruce file '!$1:$1, 0)), $A14), 0) -> 0 | K14: =IFERROR(SUMIFS(INDEX('Soruce file '!$A:$Z, 0, MATCH("Night Driving", 'Soruce file '!$1:$1, 0)), INDEX('Soruce file '!$A:$Z, 0, MATCH("Date", 'Soruce file '!$1:$1, 0)), ">="&$B$1, INDEX('Soruce file '!$A:$Z, 0, MATCH("Date", 'Soruce file '!$1:$1, 0)), "<="&EOMONTH($B$1,0), INDEX('Soruce file '!$A:$Z, 0, MATCH("GA*", 'Soruce file '!$1:$1, 0)), $A14), 0) -> 0 | L14: =SUM(B14:K14) -> 1
... A24: Vellore | B24: =IFERROR(SUMIFS(INDEX('Soruce file '!$A:$Z, 0, MATCH("Mobile Usage", 'Soruce file '!$1:$1, 0)), INDEX('Soruce file '!$A:$Z, 0, MATCH("Date", 'Soruce file '!$1:$1, 0)), ">="&$B$1, INDEX('Soruce file '!$A:$Z, 0, MATCH("Date", 'Soruce file '!$1:$1, 0)), "<="&EOMONTH($B$1,0), INDEX('Soruce file '!$A:$Z, 0, MATCH("GA*", 'Soruce file '!$1:$1, 0)), $A24), 0) -> 0 | C24: =IFERROR(SUMIFS(INDEX('Soruce file '!$A:$Z, 0, MATCH("No Seatbelt", 'Soruce file '!$1:$1, 0)), INDEX('Soruce file '!$A:$Z, 0, MATCH("Date", 'Soruce file '!$1:$1, 0)), ">="&$B$1, INDEX('Soruce file '!$A:$Z, 0, MATCH("Date", 'Soruce file '!$1:$1, 0)), "<="&EOMONTH($B$1,0), INDEX('Soruce file '!$A:$Z, 0, MATCH("GA*", 'Soruce file '!$1:$1, 0)), $A24), 0) -> 0 | D24: =IFERROR(SUMIFS(INDEX('Soruce file '!$A:$Z, 0, MATCH("Yawning", 'Soruce file '!$1:$1, 0)), INDEX('Soruce file '!$A:$Z, 0, MATCH("Date", 'Soruce file '!$1:$1, 0)), ">="&$B$1, INDEX('Soruce file '!$A:$Z, 0, MATCH("Date", 'Soruce file '!$1:$1, 0)), "<="&EOMONTH($B$1,0), INDEX('Soruce file '!$A:$Z, 0, MATCH("GA*", 'Soruce file '!$1:$1, 0)), $A24), 0) -> 0 | E24: =IFERROR(SUMIFS(INDEX('Soruce file '!$A:$Z, 0, MATCH("Fatigue", 'Soruce file '!$1:$1, 0)), INDEX('Soruce file '!$A:$Z, 0, MATCH("Date", 'Soruce file '!$1:$1, 0)), ">="&$B$1, INDEX('Soruce file '!$A:$Z, 0, MATCH("Date", 'Soruce file '!$1:$1, 0)), "<="&EOMONTH($B$1,0), INDEX('Soruce file '!$A:$Z, 0, MATCH("GA*", 'Soruce file '!$1:$1, 0)), $A24), 0) -> 3 | F24: =IFERROR(SUMIFS(INDEX('Soruce file '!$A:$Z, 0, MATCH("Harsh Braking", 'Soruce file '!$1:$1, 0)), INDEX('Soruce file '!$A:$Z, 0, MATCH("Date", 'Soruce file '!$1:$1, 0)), ">="&$B$1, INDEX('Soruce file '!$A:$Z, 0, MATCH("Date", 'Soruce file '!$1:$1, 0)), "<="&EOMONTH($B$1,0), INDEX('Soruce file '!$A:$Z, 0, MATCH("GA*", 'Soruce file '!$1:$1, 0)), $A24), 0) -> 0 | G24: =IFERROR(SUMIFS(INDEX('Soruce file '!$A:$Z, 0, MATCH("Overspeed", 'Soruce file '!$1:$1, 0)), INDEX('Soruce file '!$A:$Z, 0, MATCH("Date", 'Soruce file '!$1:$1, 0)), ">="&$B$1, INDEX('Soruce file '!$A:$Z, 0, MATCH("Date", 'Soruce file '!$1:$1, 0)), "<="&EOMONTH($B$1,0), INDEX('Soruce file '!$A:$Z, 0, MATCH("GA*", 'Soruce file '!$1:$1, 0)), $A24), 0) -> 0 | H24: =IFERROR(SUMIFS(INDEX('Soruce file '!$A:$Z, 0, MATCH("Sudden Acceleration", 'Soruce file '!$1:$1, 0)), INDEX('Soruce file '!$A:$Z, 0, MATCH("Date", 'Soruce file '!$1:$1, 0)), ">="&$B$1, INDEX('Soruce file '!$A:$Z, 0, MATCH("Date", 'Soruce file '!$1:$1, 0)), "<="&EOMONTH($B$1,0), INDEX('Soruce file '!$A:$Z, 0, MATCH("GA*", 'Soruce file '!$1:$1, 0)), $A24), 0) -> 0 | I24: =IFERROR(SUMIFS(INDEX('Soruce file '!$A:$Z, 0, MATCH("Camera Anomaly", 'Soruce file '!$1:$1, 0)), INDEX('Soruce file '!$A:$Z, 0, MATCH("Date", 'Soruce file '!$1:$1, 0)), ">="&$B$1, INDEX('Soruce file '!$A:$Z, 0, MATCH("Date", 'Soruce file '!$1:$1, 0)), "<="&EOMONTH($B$1,0), INDEX('Soruce file '!$A:$Z, 0, MATCH("GA*", 'Soruce file '!$1:$1, 0)), $A24), 0) -> 0 | J24: =IFERROR(SUMIFS(INDEX('Soruce file '!$A:$Z, 0, MATCH("CD", 'Soruce file '!$1:$1, 0)), INDEX('Soruce file '!$A:$Z, 0, MATCH("Date", 'Soruce file '!$1:$1, 0)), ">="&$B$1, INDEX('Soruce file '!$A:$Z, 0, MATCH("Date", 'Soruce file '!$1:$1, 0)), "<="&EOMONTH($B$1,0), INDEX('Soruce file '!$A:$Z, 0, MATCH("GA*", 'Soruce file '!$1:$1, 0)), $A24), 0) -> 0 | K24: =IFERROR(SUMIFS(INDEX('Soruce file '!$A:$Z, 0, MATCH("Night Driving", 'Soruce file '!$1:$1, 0)), INDEX('Soruce file '!$A:$Z, 0, MATCH("Date", 'Soruce file '!$1:$1, 0)), ">="&$B$1, INDEX('Soruce file '!$A:$Z, 0, MATCH("Date", 'Soruce file '!$1:$1, 0)), "<="&EOMONTH($B$1,0), INDEX('Soruce file '!$A:$Z, 0, MATCH("GA*", 'Soruce file '!$1:$1, 0)), $A24), 0) -> 0 | L24: =SUM(B24:K24) -> 3
A25: Total | B25: =SUM(B3:B24) -> 75 | C25: =SUM(C3:C24) -> 24 | D25: =SUM(D3:D24) -> 4 | E25: =SUM(E3:E24) -> 19 | F25: =SUM(F3:F24) -> 0 | G25: =SUM(G3:G24) -> 22 | H25: =SUM(H3:H24) -> 0 | I25: =SUM(I3:I24) -> 15 | ... K25: =SUM(K3:K24) -> 0 | L25: =SUM(B25:K25) -> 159
A30: Report From Date | B30: =EOMONTH(MAX('Soruce file '!B:B), -1) + 1 -> 46082
A31: Location | B31: Mobile Usage | C31: No Seatbelt | D31: Yawning | E31: Driver Fatigue | F31: Harsh Braking | G31: Over speed | H31: Sudden Acceleration | I31: Camera Anomaly | J31: Continuous Driving | K31: Night Driving | L31: Total
A32: AKT | B32: =IFERROR(SUMIFS(INDEX('Soruce file '!$A:$Z, 0, MATCH("Mobile Usage", 'Soruce file '!$1:$1, 0)), INDEX('Soruce file '!$A:$Z, 0, MATCH("Date", 'Soruce file '!$1:$1, 0)), ">="&$B$1, INDEX('Soruce file '!$A:$Z, 0, MATCH("Date", 'Soruce file '!$1:$1, 0)), "<="&EOMONTH($B$1,0), INDEX('Soruce file '!$A:$Z, 0, MATCH("GA*", 'Soruce file '!$1:$1, 0)), $A32), 0) -> 17 | C32: =IFERROR(SUMIFS(INDEX('Soruce file '!$A:$Z, 0, MATCH("No Seatbelt", 'Soruce file '!$1:$1, 0)), INDEX('Soruce file '!$A:$Z, 0, MATCH("Date", 'Soruce file '!$1:$1, 0)), ">="&$B$1, INDEX('Soruce file '!$A:$Z, 0, MATCH("Date", 'Soruce file '!$1:$1, 0)), "<="&EOMONTH($B$1,0), INDEX('Soruce file '!$A:$Z, 0, MATCH("GA*", 'Soruce file '!$1:$1, 0)), $A32), 0) -> 1 | D32: =IFERROR(SUMIFS(INDEX('Soruce file '!$A:$Z, 0, MATCH("Yawning", 'Soruce file '!$1:$1, 0)), INDEX('Soruce file '!$A:$Z, 0, MATCH("Date", 'Soruce file '!$1:$1, 0)), ">="&$B$1, INDEX('Soruce file '!$A:$Z, 0, MATCH("Date", 'Soruce file '!$1:$1, 0)), "<="&EOMONTH($B$1,0), INDEX('Soruce file '!$A:$Z, 0, MATCH("GA*", 'Soruce file '!$1:$1, 0)), $A32), 0) -> 1 | E32: =IFERROR(SUMIFS(INDEX('Soruce file '!$A:$Z, 0, MATCH("Fatigue", 'Soruce file '!$1:$1, 0)), INDEX('Soruce file '!$A:$Z, 0, MATCH("Date", 'Soruce file '!$1:$1, 0)), $B$1, INDEX('Soruce file '!$A:$Z, 0, MATCH("GA*", 'Soruce file '!$1:$1, 0)), $A32), 0) -> 0 | F32: =IFERROR(SUMIFS(INDEX('Soruce file '!$A:$Z, 0, MATCH("Harsh Braking", 'Soruce file '!$1:$1, 0)), INDEX('Soruce file '!$A:$Z, 0, MATCH("Date", 'Soruce file '!$1:$1, 0)), ">="&$B$1, INDEX('Soruce file '!$A:$Z, 0, MATCH("Date", 'Soruce file '!$1:$1, 0)), "<="&EOMONTH($B$1,0), INDEX('Soruce file '!$A:$Z, 0, MATCH("GA*", 'Soruce file '!$1:$1, 0)), $A32), 0) -> 0 | G32: =IFERROR(SUMIFS(INDEX('Soruce file '!$A:$Z, 0, MATCH("Overspeed", 'Soruce file '!$1:$1, 0)), INDEX('Soruce file '!$A:$Z, 0, MATCH("Date", 'Soruce file '!$1:$1, 0)), $B$1, INDEX('Soruce file '!$A:$Z, 0, MATCH("GA*", 'Soruce file '!$1:$1, 0)), $A32), 0) -> 0 | H32: =IFERROR(SUMIFS(INDEX('Soruce file '!$A:$Z, 0, MATCH("Sudden Acceleration", 'Soruce file '!$1:$1, 0)), INDEX('Soruce file '!$A:$Z, 0, MATCH("Date", 'Soruce file '!$1:$1, 0)), ">="&$B$1, INDEX('Soruce file '!$A:$Z, 0, MATCH("Date", 'Soruce file '!$1:$1, 0)), "<="&EOMONTH($B$1,0), INDEX('Soruce file '!$A:$Z, 0, MATCH("GA*", 'Soruce file '!$1:$1, 0)), $A32), 0) -> 0 | I32: =IFERROR(SUMIFS(INDEX('Soruce file '!$A:$Z, 0, MATCH("Camera Anomaly", 'Soruce file '!$1:$1, 0)), INDEX('Soruce file '!$A:$Z, 0, MATCH("Date", 'Soruce file '!$1:$1, 0)), ">="&$B$1, INDEX('Soruce file '!$A:$Z, 0, MATCH("Date", 'Soruce file '!$1:$1, 0)), "<="&EOMONTH($B$1,0), INDEX('Soruce file '!$A:$Z, 0, MATCH("GA*", 'Soruce file '!$1:$1, 0)), $A32), 0) -> 2 | J32: =IFERROR(SUMIFS(INDEX('Soruce file '!$A:$Z, 0, MATCH("CD", 'Soruce file '!$1:$1, 0)), INDEX('Soruce file '!$A:$Z, 0, MATCH("Date", 'Soruce file '!$1:$1, 0)), ">="&$B$1, INDEX('Soruce file '!$A:$Z, 0, MATCH("Date", 'Soruce file '!$1:$1, 0)), "<="&EOMONTH($B$1,0), INDEX('Soruce file '!$A:$Z, 0, MATCH("GA*", 'Soruce file '!$1:$1, 0)), $A32), 0) -> 0 | K32: =IFERROR(SUMIFS(INDEX('Soruce file '!$A:$Z, 0, MATCH("Night Driving", 'Soruce file '!$1:$1, 0)), INDEX('Soruce file '!$A:$Z, 0, MATCH("Date", 'Soruce file '!$1:$1, 0)), ">="&$B$1, INDEX('Soruce file '!$A:$Z, 0, MATCH("Date", 'Soruce file '!$1:$1, 0)), "<="&EOMONTH($B$1,0), INDEX('Soruce file '!$A:$Z, 0, MATCH("GA*", 'Soruce file '!$1:$1, 0)), $A32), 0) -> 0 | L32: =SUM(B32:K32) -> 21
A33: ANK | B33: =IFERROR(SUMIFS(INDEX('Soruce file '!$A:$Z, 0, MATCH("Mobile Usage", 'Soruce file '!$1:$1, 0)), INDEX('Soruce file '!$A:$Z, 0, MATCH("Date", 'Soruce file '!$1:$1, 0)), ">="&$B$1, INDEX('Soruce file '!$A:$Z, 0, MATCH("Date", 'Soruce file '!$1:$1, 0)), "<="&EOMONTH($B$1,0), INDEX('Soruce file '!$A:$Z, 0, MATCH("GA*", 'Soruce file '!$1:$1, 0)), $A33), 0) -> 1 | C33: =IFERROR(SUMIFS(INDEX('Soruce file '!$A:$Z, 0, MATCH("No Seatbelt", 'Soruce file '!$1:$1, 0)), INDEX('Soruce file '!$A:$Z, 0, MATCH("Date", 'Soruce file '!$1:$1, 0)), ">="&$B$1, INDEX('Soruce file '!$A:$Z, 0, MATCH("Date", 'Soruce file '!$1:$1, 0)), "<="&EOMONTH($B$1,0), INDEX('Soruce file '!$A:$Z, 0, MATCH("GA*", 'Soruce file '!$1:$1, 0)), $A33), 0) -> 0 | D33: =IFERROR(SUMIFS(INDEX('Soruce file '!$A:$Z, 0, MATCH("Yawning", 'Soruce file '!$1:$1, 0)), INDEX('Soruce file '!$A:$Z, 0, MATCH("Date", 'Soruce file '!$1:$1, 0)), ">="&$B$1, INDEX('Soruce file '!$A:$Z, 0, MATCH("Date", 'Soruce file '!$1:$1, 0)), "<="&EOMONTH($B$1,0), INDEX('Soruce file '!$A:$Z, 0, MATCH("GA*", 'Soruce file '!$1:$1, 0)), $A33), 0) -> 1 | E33: =IFERROR(SUMIFS(INDEX('Soruce file '!$A:$Z, 0, MATCH("Fatigue", 'Soruce file '!$1:$1, 0)), INDEX('Soruce file '!$A:$Z, 0, MATCH("Date", 'Soruce file '!$1:$1, 0)), $B$1, INDEX('Soruce file '!$A:$Z, 0, MATCH("GA*", 'Soruce file '!$1:$1, 0)), $A33), 0) -> 0 | F33: =IFERROR(SUMIFS(INDEX('Soruce file '!$A:$Z, 0, MATCH("Harsh Braking", 'Soruce file '!$1:$1, 0)), INDEX('Soruce file '!$A:$Z, 0, MATCH("Date", 'Soruce file '!$1:$1, 0)), ">="&$B$1, INDEX('Soruce file '!$A:$Z, 0, MATCH("Date", 'Soruce file '!$1:$1, 0)), "<="&EOMONTH($B$1,0), INDEX('Soruce file '!$A:$Z, 0, MATCH("GA*", 'Soruce file '!$1:$1, 0)), $A33), 0) -> 0 | G33: =IFERROR(SUMIFS(INDEX('Soruce file '!$A:$Z, 0, MATCH("Overspeed", 'Soruce file '!$1:$1, 0)), INDEX('Soruce file '!$A:$Z, 0, MATCH("Date", 'Soruce file '!$1:$1, 0)), $B$1, INDEX('Soruce file '!$A:$Z, 0, MATCH("GA*", 'Soruce file '!$1:$1, 0)), $A33), 0) -> 0 | H33: =IFERROR(SUMIFS(INDEX('Soruce file '!$A:$Z, 0, MATCH("Sudden Acceleration", 'Soruce file '!$1:$1, 0)), INDEX('Soruce file '!$A:$Z, 0, MATCH("Date", 'Soruce file '!$1:$1, 0)), ">="&$B$1, INDEX('Soruce file '!$A:$Z, 0, MATCH("Date", 'Soruce file '!$1:$1, 0)), "<="&EOMONTH($B$1,0), INDEX('Soruce file '!$A:$Z, 0, MATCH("GA*", 'Soruce file '!$1:$1, 0)), $A33), 0) -> 0 | I33: =IFERROR(SUMIFS(INDEX('Soruce file '!$A:$Z, 0, MATCH("Camera Anomaly", 'Soruce file '!$1:$1, 0)), INDEX('Soruce file '!$A:$Z, 0, MATCH("Date", 'Soruce file '!$1:$1, 0)), ">="&$B$1, INDEX('Soruce file '!$A:$Z, 0, MATCH("Date", 'Soruce file '!$1:$1, 0)), "<="&EOMONTH($B$1,0), INDEX('Soruce file '!$A:$Z, 0, MATCH("GA*", 'Soruce file '!$1:$1, 0)), $A33), 0) -> 1 | J33: =IFERROR(SUMIFS(INDEX('Soruce file '!$A:$Z, 0, MATCH("CD", 'Soruce file '!$1:$1, 0)), INDEX('Soruce file '!$A:$Z, 0, MATCH("Date", 'Soruce file '!$1:$1, 0)), ">="&$B$1, INDEX('Soruce file '!$A:$Z, 0, MATCH("Date", 'Soruce file '!$1:$1, 0)), "<="&EOMONTH($B$1,0), INDEX('Soruce file '!$A:$Z, 0, MATCH("GA*", 'Soruce file '!$1:$1, 0)), $A33), 0) -> 0 | K33: =IFERROR(SUMIFS(INDEX('Soruce file '!$A:$Z, 0, MATCH("Night Driving", 'Soruce file '!$1:$1, 0)), INDEX('Soruce file '!$A:$Z, 0, MATCH("Date", 'Soruce file '!$1:$1, 0)), ">="&$B$1, INDEX('Soruce file '!$A:$Z, 0, MATCH("Date", 'Soruce file '!$1:$1, 0)), "<="&EOMONTH($B$1,0), INDEX('Soruce file '!$A:$Z, 0, MATCH("GA*", 'Soruce file '!$1:$1, 0)), $A33), 0) -> 0 | L33: =SUM(B33:K33) -> 3
A34: Baghpat | B34: =IFERROR(SUMIFS(INDEX('Soruce file '!$A:$Z, 0, MATCH("Mobile Usage", 'Soruce file '!$1:$1, 0)), INDEX('Soruce file '!$A:$Z, 0, MATCH("Date", 'Soruce file '!$1:$1, 0)), ">="&$B$1, INDEX('Soruce file '!$A:$Z, 0, MATCH("Date", 'Soruce file '!$1:$1, 0)), "<="&EOMONTH($B$1,0), INDEX('Soruce file '!$A:$Z, 0, MATCH("GA*", 'Soruce file '!$1:$1, 0)), $A34), 0) -> 3 | C34: =IFERROR(SUMIFS(INDEX('Soruce file '!$A:$Z, 0, MATCH("No Seatbelt", 'Soruce file '!$1:$1, 0)), INDEX('Soruce file '!$A:$Z, 0, MATCH("Date", 'Soruce file '!$1:$1, 0)), ">="&$B$1, INDEX('Soruce file '!$A:$Z, 0, MATCH("Date", 'Soruce file '!$1:$1, 0)), "<="&EOMONTH($B$1,0), INDEX('Soruce file '!$A:$Z, 0, MATCH("GA*", 'Soruce file '!$1:$1, 0)), $A34), 0) -> 1 | D34: =IFERROR(SUMIFS(INDEX('Soruce file '!$A:$Z, 0, MATCH("Yawning", 'Soruce file '!$1:$1, 0)), INDEX('Soruce file '!$A:$Z, 0, MATCH("Date", 'Soruce file '!$1:$1, 0)), ">="&$B$1, INDEX('Soruce file '!$A:$Z, 0, MATCH("Date", 'Soruce file '!$1:$1, 0)), "<="&EOMONTH($B$1,0), INDEX('Soruce file '!$A:$Z, 0, MATCH("GA*", 'Soruce file '!$1:$1, 0)), $A34), 0) -> 0 | E34: =IFERROR(SUMIFS(INDEX('Soruce file '!$A:$Z, 0, MATCH("Fatigue", 'Soruce file '!$1:$1, 0)), INDEX('Soruce file '!$A:$Z, 0, MATCH("Date", 'Soruce file '!$1:$1, 0)), $B$1, INDEX('Soruce file '!$A:$Z, 0, MATCH("GA*", 'Soruce file '!$1:$1, 0)), $A34), 0) -> 0 | F34: =IFERROR(SUMIFS(INDEX('Soruce file '!$A:$Z, 0, MATCH("Harsh Braking", 'Soruce file '!$1:$1, 0)), INDEX('Soruce file '!$A:$Z, 0, MATCH("Date", 'Soruce file '!$1:$1, 0)), ">="&$B$1, INDEX('Soruce file '!$A:$Z, 0, MATCH("Date", 'Soruce file '!$1:$1, 0)), "<="&EOMONTH($B$1,0), INDEX('Soruce file '!$A:$Z, 0, MATCH("GA*", 'Soruce file '!$1:$1, 0)), $A34), 0) -> 0 | G34: =IFERROR(SUMIFS(INDEX('Soruce file '!$A:$Z, 0, MATCH("Overspeed", 'Soruce file '!$1:$1, 0)), INDEX('Soruce file '!$A:$Z, 0, MATCH("Date", 'Soruce file '!$1:$1, 0)), $B$1, INDEX('Soruce file '!$A:$Z, 0, MATCH("GA*", 'Soruce file '!$1:$1, 0)), $A34), 0) -> 0 | H34: =IFERROR(SUMIFS(INDEX('Soruce file '!$A:$Z, 0, MATCH("Sudden Acceleration", 'Soruce file '!$1:$1, 0)), INDEX('Soruce file '!$A:$Z, 0, MATCH("Date", 'Soruce file '!$1:$1, 0)), ">="&$B$1, INDEX('Soruce file '!$A:$Z, 0, MATCH("Date", 'Soruce file '!$1:$1, 0)), "<="&EOMONTH($B$1,0), INDEX('Soruce file '!$A:$Z, 0, MATCH("GA*", 'Soruce file '!$1:$1, 0)), $A34), 0) -> 0 | I34: =IFERROR(SUMIFS(INDEX('Soruce file '!$A:$Z, 0, MATCH("Camera Anomaly", 'Soruce file '!$1:$1, 0)), INDEX('Soruce file '!$A:$Z, 0, MATCH("Date", 'Soruce file '!$1:$1, 0)), ">="&$B$1, INDEX('Soruce file '!$A:$Z, 0, MATCH("Date", 'Soruce file '!$1:$1, 0)), "<="&EOMONTH($B$1,0), INDEX('Soruce file '!$A:$Z, 0, MATCH("GA*", 'Soruce file '!$1:$1, 0)), $A34), 0) -> 0 | J34: =IFERROR(SUMIFS(INDEX('Soruce file '!$A:$Z, 0, MATCH("CD", 'Soruce file '!$1:$1, 0)), INDEX('Soruce file '!$A:$Z, 0, MATCH("Date", 'Soruce file '!$1:$1, 0)), ">="&$B$1, INDEX('Soruce file '!$A:$Z, 0, MATCH("Date", 'Soruce file '!$1:$1, 0)), "<="&EOMONTH($B$1,0), INDEX('Soruce file '!$A:$Z, 0, MATCH("GA*", 'Soruce file '!$1:$1, 0)), $A34), 0) -> 0 | K34: =IFERROR(SUMIFS(INDEX('Soruce file '!$A:$Z, 0, MATCH("Night Driving", 'Soruce file '!$1:$1, 0)), INDEX('Soruce file '!$A:$Z, 0, MATCH("Date", 'Soruce file '!$1:$1, 0)), ">="&$B$1, INDEX('Soruce file '!$A:$Z, 0, MATCH("Date", 'Soruce file '!$1:$1, 0)), "<="&EOMONTH($B$1,0), INDEX('Soruce file '!$A:$Z, 0, MATCH("GA*", 'Soruce file '!$1:$1, 0)), $A34), 0) -> 0 | L34: =SUM(B34:K34) -> 4
A35: Begusarai | B35: =IFERROR(SUMIFS(INDEX('Soruce file '!$A:$Z, 0, MATCH("Mobile Usage", 'Soruce file '!$1:$1, 0)), INDEX('Soruce file '!$A:$Z, 0, MATCH("Date", 'Soruce file '!$1:$1, 0)), ">="&$B$1, INDEX('Soruce file '!$A:$Z, 0, MATCH("Date", 'Soruce file '!$1:$1, 0)), "<="&EOMONTH($B$1,0), INDEX('Soruce file '!$A:$Z, 0, MATCH("GA*", 'Soruce file '!$1:$1, 0)), $A35), 0) -> 0 | C35: =IFERROR(SUMIFS(INDEX('Soruce file '!$A:$Z, 0, MATCH("No Seatbelt", 'Soruce file '!$1:$1, 0)), INDEX('Soruce file '!$A:$Z, 0, MATCH("Date", 'Soruce file '!$1:$1, 0)), ">="&$B$1, INDEX('Soruce file '!$A:$Z, 0, MATCH("Date", 'Soruce file '!$1:$1, 0)), "<="&EOMONTH($B$1,0), INDEX('Soruce file '!$A:$Z, 0, MATCH("GA*", 'Soruce file '!$1:$1, 0)), $A35), 0) -> 0 | D35: =IFERROR(SUMIFS(INDEX('Soruce file '!$A:$Z, 0, MATCH("Yawning", 'Soruce file '!$1:$1, 0)), INDEX('Soruce file '!$A:$Z, 0, MATCH("Date", 'Soruce file '!$1:$1, 0)), ">="&$B$1, INDEX('Soruce file '!$A:$Z, 0, MATCH("Date", 'Soruce file '!$1:$1, 0)), "<="&EOMONTH($B$1,0), INDEX('Soruce file '!$A:$Z, 0, MATCH("GA*", 'Soruce file '!$1:$1, 0)), $A35), 0) -> 0 | E35: =IFERROR(SUMIFS(INDEX('Soruce file '!$A:$Z, 0, MATCH("Fatigue", 'Soruce file '!$1:$1, 0)), INDEX('Soruce file '!$A:$Z, 0, MATCH("Date", 'Soruce file '!$1:$1, 0)), $B$1, INDEX('Soruce file '!$A:$Z, 0, MATCH("GA*", 'Soruce file '!$1:$1, 0)), $A35), 0) -> 0 | F35: =IFERROR(SUMIFS(INDEX('Soruce file '!$A:$Z, 0, MATCH("Harsh Braking", 'Soruce file '!$1:$1, 0)), INDEX('Soruce file '!$A:$Z, 0, MATCH("Date", 'Soruce file '!$1:$1, 0)), ">="&$B$1, INDEX('Soruce file '!$A:$Z, 0, MATCH("Date", 'Soruce file '!$1:$1, 0)), "<="&EOMONTH($B$1,0), INDEX('Soruce file '!$A:$Z, 0, MATCH("GA*", 'Soruce file '!$1:$1, 0)), $A35), 0) -> 0 | G35: =IFERROR(SUMIFS(INDEX('Soruce file '!$A:$Z, 0, MATCH("Overspeed", 'Soruce file '!$1:$1, 0)), INDEX('Soruce file '!$A:$Z, 0, MATCH("Date", 'Soruce file '!$1:$1, 0)), $B$1, INDEX('Soruce file '!$A:$Z, 0, MATCH("GA*", 'Soruce file '!$1:$1, 0)), $A35), 0) -> 0 | H35: =IFERROR(SUMIFS(INDEX('Soruce file '!$A:$Z, 0, MATCH("Sudden Acceleration", 'Soruce file '!$1:$1, 0)), INDEX('Soruce file '!$A:$Z, 0, MATCH("Date", 'Soruce file '!$1:$1, 0)), ">="&$B$1, INDEX('Soruce file '!$A:$Z, 0, MATCH("Date", 'Soruce file '!$1:$1, 0)), "<="&EOMONTH($B$1,0), INDEX('Soruce file '!$A:$Z, 0, MATCH("GA*", 'Soruce file '!$1:$1, 0)), $A35), 0) -> 0 | I35: =IFERROR(SUMIFS(INDEX('Soruce file '!$A:$Z, 0, MATCH("Camera Anomaly", 'Soruce file '!$1:$1, 0)), INDEX('Soruce file '!$A:$Z, 0, MATCH("Date", 'Soruce file '!$1:$1, 0)), ">="&$B$1, INDEX('Soruce file '!$A:$Z, 0, MATCH("Date", 'Soruce file '!$1:$1, 0)), "<="&EOMONTH($B$1,0), INDEX('Soruce file '!$A:$Z, 0, MATCH("GA*", 'Soruce file '!$1:$1, 0)), $A35), 0) -> 0 | J35: =IFERROR(SUMIFS(INDEX('Soruce file '!$A:$Z, 0, MATCH("CD", 'Soruce file '!$1:$1, 0)), INDEX('Soruce file '!$A:$Z, 0, MATCH("Date", 'Soruce file '!$1:$1, 0)), ">="&$B$1, INDEX('Soruce file '!$A:$Z, 0, MATCH("Date", 'Soruce file '!$1:$1, 0)), "<="&EOMONTH($B$1,0), INDEX('Soruce file '!$A:$Z, 0, MATCH("GA*", 'Soruce file '!$1:$1, 0)), $A35), 0) -> 0 | K35: =IFERROR(SUMIFS(INDEX('Soruce file '!$A:$Z, 0, MATCH("Night Driving", 'Soruce file '!$1:$1, 0)), INDEX('Soruce file '!$A:$Z, 0, MATCH("Date", 'Soruce file '!$1:$1, 0)), ">="&$B$1, INDEX('Soruce file '!$A:$Z, 0, MATCH("Date", 'Soruce file '!$1:$1, 0)), "<="&EOMONTH($B$1,0), INDEX('Soruce file '!$A:$Z, 0, MATCH("GA*", 'Soruce file '!$1:$1, 0)), $A35), 0) -> 0 | L35: =SUM(B35:K35) -> 0
A36: Bhopal | B36: =IFERROR(SUMIFS(INDEX('Soruce file '!$A:$Z, 0, MATCH("Mobile Usage", 'Soruce file '!$1:$1, 0)), INDEX('Soruce file '!$A:$Z, 0, MATCH("Date", 'Soruce file '!$1:$1, 0)), ">="&$B$1, INDEX('Soruce file '!$A:$Z, 0, MATCH("Date", 'Soruce file '!$1:$1, 0)), "<="&EOMONTH($B$1,0), INDEX('Soruce file '!$A:$Z, 0, MATCH("GA*", 'Soruce file '!$1:$1, 0)), $A36), 0) -> 9 | C36: =IFERROR(SUMIFS(INDEX('Soruce file '!$A:$Z, 0, MATCH("No Seatbelt", 'Soruce file '!$1:$1, 0)), INDEX('Soruce file '!$A:$Z, 0, MATCH("Date", 'Soruce file '!$1:$1, 0)), ">="&$B$1, INDEX('Soruce file '!$A:$Z, 0, MATCH("Date", 'Soruce file '!$1:$1, 0)), "<="&EOMONTH($B$1,0), INDEX('Soruce file '!$A:$Z, 0, MATCH("GA*", 'Soruce file '!$1:$1, 0)), $A36), 0) -> 3 | D36: =IFERROR(SUMIFS(INDEX('Soruce file '!$A:$Z, 0, MATCH("Yawning", 'Soruce file '!$1:$1, 0)), INDEX('Soruce file '!$A:$Z, 0, MATCH("Date", 'Soruce file '!$1:$1, 0)), ">="&$B$1, INDEX('Soruce file '!$A:$Z, 0, MATCH("Date", 'Soruce file '!$1:$1, 0)), "<="&EOMONTH($B$1,0), INDEX('Soruce file '!$A:$Z, 0, MATCH("GA*", 'Soruce file '!$1:$1, 0)), $A36), 0) -> 0 | E36: =IFERROR(SUMIFS(INDEX('Soruce file '!$A:$Z, 0, MATCH("Fatigue", 'Soruce file '!$1:$1, 0)), INDEX('Soruce file '!$A:$Z, 0, MATCH("Date", 'Soruce file '!$1:$1, 0)), $B$1, INDEX('Soruce file '!$A:$Z, 0, MATCH("GA*", 'Soruce file '!$1:$1, 0)), $A36), 0) -> 0 | F36: =IFERROR(SUMIFS(INDEX('Soruce file '!$A:$Z, 0, MATCH("Harsh Braking", 'Soruce file '!$1:$1, 0)), INDEX('Soruce file '!$A:$Z, 0, MATCH("Date", 'Soruce file '!$1:$1, 0)), ">="&$B$1, INDEX('Soruce file '!$A:$Z, 0, MATCH("Date", 'Soruce file '!$1:$1, 0)), "<="&EOMONTH($B$1,0), INDEX('Soruce file '!$A:$Z, 0, MATCH("GA*", 'Soruce file '!$1:$1, 0)), $A36), 0) -> 0 | G36: =IFERROR(SUMIFS(INDEX('Soruce file '!$A:$Z, 0, MATCH("Overspeed", 'Soruce file '!$1:$1, 0)), INDEX('Soruce file '!$A:$Z, 0, MATCH("Date", 'Soruce file '!$1:$1, 0)), $B$1, INDEX('Soruce file '!$A:$Z, 0, MATCH("GA*", 'Soruce file '!$1:$1, 0)), $A36), 0) -> 0 | H36: =IFERROR(SUMIFS(INDEX('Soruce file '!$A:$Z, 0, MATCH("Sudden Acceleration", 'Soruce file '!$1:$1, 0)), INDEX('Soruce file '!$A:$Z, 0, MATCH("Date", 'Soruce file '!$1:$1, 0)), ">="&$B$1, INDEX('Soruce file '!$A:$Z, 0, MATCH("Date", 'Soruce file '!$1:$1, 0)), "<="&EOMONTH($B$1,0), INDEX('Soruce file '!$A:$Z, 0, MATCH("GA*", 'Soruce file '!$1:$1, 0)), $A36), 0) -> 0 | I36: =IFERROR(SUMIFS(INDEX('Soruce file '!$A:$Z, 0, MATCH("Camera Anomaly", 'Soruce file '!$1:$1, 0)), INDEX('Soruce file '!$A:$Z, 0, MATCH("Date", 'Soruce file '!$1:$1, 0)), ">="&$B$1, INDEX('Soruce file '!$A:$Z, 0, MATCH("Date", 'Soruce file '!$1:$1, 0)), "<="&EOMONTH($B$1,0), INDEX('Soruce file '!$A:$Z, 0, MATCH("GA*", 'Soruce file '!$1:$1, 0)), $A36), 0) -> 0 | J36: =IFERROR(SUMIFS(INDEX('Soruce file '!$A:$Z, 0, MATCH("CD", 'Soruce file '!$1:$1, 0)), INDEX('Soruce file '!$A:$Z, 0, MATCH("Date", 'Soruce file '!$1:$1, 0)), ">="&$B$1, INDEX('Soruce file '!$A:$Z, 0, MATCH("Date", 'Soruce file '!$1:$1, 0)), "<="&EOMONTH($B$1,0), INDEX('Soruce file '!$A:$Z, 0, MATCH("GA*", 'Soruce file '!$1:$1, 0)), $A36), 0) -> 0 | K36: =IFERROR(SUMIFS(INDEX('Soruce file '!$A:$Z, 0, MATCH("Night Driving", 'Soruce file '!$1:$1, 0)), INDEX('Soruce file '!$A:$Z, 0, MATCH("Date", 'Soruce file '!$1:$1, 0)), ">="&$B$1, INDEX('Soruce file '!$A:$Z, 0, MATCH("Date", 'Soruce file '!$1:$1, 0)), "<="&EOMONTH($B$1,0), INDEX('Soruce file '!$A:$Z, 0, MATCH("GA*", 'Soruce file '!$1:$1, 0)), $A36), 0) -> 0 | L36: =SUM(B36:K36) -> 12
A37: BJJ | B37: =IFERROR(SUMIFS(INDEX('Soruce file '!$A:$Z, 0, MATCH("Mobile Usage", 'Soruce file '!$1:$1, 0)), INDEX('Soruce file '!$A:$Z, 0, MATCH("Date", 'Soruce file '!$1:$1, 0)), ">="&$B$1, INDEX('Soruce file '!$A:$Z, 0, MATCH("Date", 'Soruce file '!$1:$1, 0)), "<="&EOMONTH($B$1,0), INDEX('Soruce file '!$A:$Z, 0, MATCH("GA*", 'Soruce file '!$1:$1, 0)), $A37), 0) -> 3 | C37: =IFERROR(SUMIFS(INDEX('Soruce file '!$A:$Z, 0, MATCH("No Seatbelt", 'Soruce file '!$1:$1, 0)), INDEX('Soruce file '!$A:$Z, 0, MATCH("Date", 'Soruce file '!$1:$1, 0)), ">="&$B$1, INDEX('Soruce file '!$A:$Z, 0, MATCH("Date", 'Soruce file '!$1:$1, 0)), "<="&EOMONTH($B$1,0), INDEX('Soruce file '!$A:$Z, 0, MATCH("GA*", 'Soruce file '!$1:$1, 0)), $A37), 0) -> 1 | D37: =IFERROR(SUMIFS(INDEX('Soruce file '!$A:$Z, 0, MATCH("Yawning", 'Soruce file '!$1:$1, 0)), INDEX('Soruce file '!$A:$Z, 0, MATCH("Date", 'Soruce file '!$1:$1, 0)), ">="&$B$1, INDEX('Soruce file '!$A:$Z, 0, MATCH("Date", 'Soruce file '!$1:$1, 0)), "<="&EOMONTH($B$1,0), INDEX('Soruce file '!$A:$Z, 0, MATCH("GA*", 'Soruce file '!$1:$1, 0)), $A37), 0) -> 0 | E37: =IFERROR(SUMIFS(INDEX('Soruce file '!$A:$Z, 0, MATCH("Fatigue", 'Soruce file '!$1:$1, 0)), INDEX('Soruce file '!$A:$Z, 0, MATCH("Date", 'Soruce file '!$1:$1, 0)), $B$1, INDEX('Soruce file '!$A:$Z, 0, MATCH("GA*", 'Soruce file '!$1:$1, 0)), $A37), 0) -> 0 | F37: =IFERROR(SUMIFS(INDEX('Soruce file '!$A:$Z, 0, MATCH("Harsh Braking", 'Soruce file '!$1:$1, 0)), INDEX('Soruce file '!$A:$Z, 0, MATCH("Date", 'Soruce file '!$1:$1, 0)), ">="&$B$1, INDEX('Soruce file '!$A:$Z, 0, MATCH("Date", 'Soruce file '!$1:$1, 0)), "<="&EOMONTH($B$1,0), INDEX('Soruce file '!$A:$Z, 0, MATCH("GA*", 'Soruce file '!$1:$1, 0)), $A37), 0) -> 0 | G37: =IFERROR(SUMIFS(INDEX('Soruce file '!$A:$Z, 0, MATCH("Overspeed", 'Soruce file '!$1:$1, 0)), INDEX('Soruce file '!$A:$Z, 0, MATCH("Date", 'Soruce file '!$1:$1, 0)), $B$1, INDEX('Soruce file '!$A:$Z, 0, MATCH("GA*", 'Soruce file '!$1:$1, 0)), $A37), 0) -> 1 | H37: =IFERROR(SUMIFS(INDEX('Soruce file '!$A:$Z, 0, MATCH("Sudden Acceleration", 'Soruce file '!$1:$1, 0)), INDEX('Soruce file '!$A:$Z, 0, MATCH("Date", 'Soruce file '!$1:$1, 0)), ">="&$B$1, INDEX('Soruce file '!$A:$Z, 0, MATCH("Date", 'Soruce file '!$1:$1, 0)), "<="&EOMONTH($B$1,0), INDEX('Soruce file '!$A:$Z, 0, MATCH("GA*", 'Soruce file '!$1:$1, 0)), $A37), 0) -> 0 | I37: =IFERROR(SUMIFS(INDEX('Soruce file '!$A:$Z, 0, MATCH("Camera Anomaly", 'Soruce file '!$1:$1, 0)), INDEX('Soruce file '!$A:$Z, 0, MATCH("Date", 'Soruce file '!$1:$1, 0)), ">="&$B$1, INDEX('Soruce file '!$A:$Z, 0, MATCH("Date", 'Soruce file '!$1:$1, 0)), "<="&EOMONTH($B$1,0), INDEX('Soruce file '!$A:$Z, 0, MATCH("GA*", 'Soruce file '!$1:$1, 0)), $A37), 0) -> 2 | J37: =IFERROR(SUMIFS(INDEX('Soruce file '!$A:$Z, 0, MATCH("CD", 'Soruce file '!$1:$1, 0)), INDEX('Soruce file '!$A:$Z, 0, MATCH("Date", 'Soruce file '!$1:$1, 0)), ">="&$B$1, INDEX('Soruce file '!$A:$Z, 0, MATCH("Date", 'Soruce file '!$1:$1, 0)), "<="&EOMONTH($B$1,0), INDEX('Soruce file '!$A:$Z, 0, MATCH("GA*", 'Soruce file '!$1:$1, 0)), $A37), 0) -> 0 | K37: =IFERROR(SUMIFS(INDEX('Soruce file '!$A:$Z, 0, MATCH("Night Driving", 'Soruce file '!$1:$1, 0)), INDEX('Soruce file '!$A:$Z, 0, MATCH("Date", 'Soruce file '!$1:$1, 0)), ">="&$B$1, INDEX('Soruce file '!$A:$Z, 0, MATCH("Date", 'Soruce file '!$1:$1, 0)), "<="&EOMONTH($B$1,0), INDEX('Soruce file '!$A:$Z, 0, MATCH("GA*", 'Soruce file '!$1:$1, 0)), $A37), 0) -> 0 | L37: =SUM(B37:K37) -> 7
A38: BKR | B38: =IFERROR(SUMIFS(INDEX('Soruce file '!$A:$Z, 0, MATCH("Mobile Usage", 'Soruce file '!$1:$1, 0)), INDEX('Soruce file '!$A:$Z, 0, MATCH("Date", 'Soruce file '!$1:$1, 0)), ">="&$B$1, INDEX('Soruce file '!$A:$Z, 0, MATCH("Date", 'Soruce file '!$1:$1, 0)), "<="&EOMONTH($B$1,0), INDEX('Soruce file '!$A:$Z, 0, MATCH("GA*", 'Soruce file '!$1:$1, 0)), $A38), 0) -> 0 | C38: =IFERROR(SUMIFS(INDEX('Soruce file '!$A:$Z, 0, MATCH("No Seatbelt", 'Soruce file '!$1:$1, 0)), INDEX('Soruce file '!$A:$Z, 0, MATCH("Date", 'Soruce file '!$1:$1, 0)), ">="&$B$1, INDEX('Soruce file '!$A:$Z, 0, MATCH("Date", 'Soruce file '!$1:$1, 0)), "<="&EOMONTH($B$1,0), INDEX('Soruce file '!$A:$Z, 0, MATCH("GA*", 'Soruce file '!$1:$1, 0)), $A38), 0) -> 0 | D38: =IFERROR(SUMIFS(INDEX('Soruce file '!$A:$Z, 0, MATCH("Yawning", 'Soruce file '!$1:$1, 0)), INDEX('Soruce file '!$A:$Z, 0, MATCH("Date", 'Soruce file '!$1:$1, 0)), ">="&$B$1, INDEX('Soruce file '!$A:$Z, 0, MATCH("Date", 'Soruce file '!$1:$1, 0)), "<="&EOMONTH($B$1,0), INDEX('Soruce file '!$A:$Z, 0, MATCH("GA*", 'Soruce file '!$1:$1, 0)), $A38), 0) -> 0 | E38: =IFERROR(SUMIFS(INDEX('Soruce file '!$A:$Z, 0, MATCH("Fatigue", 'Soruce file '!$1:$1, 0)), INDEX('Soruce file '!$A:$Z, 0, MATCH("Date", 'Soruce file '!$1:$1, 0)), $B$1, INDEX('Soruce file '!$A:$Z, 0, MATCH("GA*", 'Soruce file '!$1:$1, 0)), $A38), 0) -> 0 | F38: =IFERROR(SUMIFS(INDEX('Soruce file '!$A:$Z, 0, MATCH("Harsh Braking", 'Soruce file '!$1:$1, 0)), INDEX('Soruce file '!$A:$Z, 0, MATCH("Date", 'Soruce file '!$1:$1, 0)), ">="&$B$1, INDEX('Soruce file '!$A:$Z, 0, MATCH("Date", 'Soruce file '!$1:$1, 0)), "<="&EOMONTH($B$1,0), INDEX('Soruce file '!$A:$Z, 0, MATCH("GA*", 'Soruce file '!$1:$1, 0)), $A38), 0) -> 0 | G38: =IFERROR(SUMIFS(INDEX('Soruce file '!$A:$Z, 0, MATCH("Overspeed", 'Soruce file '!$1:$1, 0)), INDEX('Soruce file '!$A:$Z, 0, MATCH("Date", 'Soruce file '!$1:$1, 0)), $B$1, INDEX('Soruce file '!$A:$Z, 0, MATCH("GA*", 'Soruce file '!$1:$1, 0)), $A38), 0) -> 0 | H38: =IFERROR(SUMIFS(INDEX('Soruce file '!$A:$Z, 0, MATCH("Sudden Acceleration", 'Soruce file '!$1:$1, 0)), INDEX('Soruce file '!$A:$Z, 0, MATCH("Date", 'Soruce file '!$1:$1, 0)), ">="&$B$1, INDEX('Soruce file '!$A:$Z, 0, MATCH("Date", 'Soruce file '!$1:$1, 0)), "<="&EOMONTH($B$1,0), INDEX('Soruce file '!$A:$Z, 0, MATCH("GA*", 'Soruce file '!$1:$1, 0)), $A38), 0) -> 0 | I38: =IFERROR(SUMIFS(INDEX('Soruce file '!$A:$Z, 0, MATCH("Camera Anomaly", 'Soruce file '!$1:$1, 0)), INDEX('Soruce file '!$A:$Z, 0, MATCH("Date", 'Soruce file '!$1:$1, 0)), ">="&$B$1, INDEX('Soruce file '!$A:$Z, 0, MATCH("Date", 'Soruce file '!$1:$1, 0)), "<="&EOMONTH($B$1,0), INDEX('Soruce file '!$A:$Z, 0, MATCH("GA*", 'Soruce file '!$1:$1, 0)), $A38), 0) -> 0 | J38: =IFERROR(SUMIFS(INDEX('Soruce file '!$A:$Z, 0, MATCH("CD", 'Soruce file '!$1:$1, 0)), INDEX('Soruce file '!$A:$Z, 0, MATCH("Date", 'Soruce file '!$1:$1, 0)), ">="&$B$1, INDEX('Soruce file '!$A:$Z, 0, MATCH("Date", 'Soruce file '!$1:$1, 0)), "<="&EOMONTH($B$1,0), INDEX('Soruce file '!$A:$Z, 0, MATCH("GA*", 'Soruce file '!$1:$1, 0)), $A38), 0) -> 0 | K38: =IFERROR(SUMIFS(INDEX('Soruce file '!$A:$Z, 0, MATCH("Night Driving", 'Soruce file '!$1:$1, 0)), INDEX('Soruce file '!$A:$Z, 0, MATCH("Date", 'Soruce file '!$1:$1, 0)), ">="&$B$1, INDEX('Soruce file '!$A:$Z, 0, MATCH("Date", 'Soruce file '!$1:$1, 0)), "<="&EOMONTH($B$1,0), INDEX('Soruce file '!$A:$Z, 0, MATCH("GA*", 'Soruce file '!$1:$1, 0)), $A38), 0) -> 0 | L38: =SUM(B38:K38) -> 0
A39: Chittoor | B39: =IFERROR(SUMIFS(INDEX('Soruce file '!$A:$Z, 0, MATCH("Mobile Usage", 'Soruce file '!$1:$1, 0)), INDEX('Soruce file '!$A:$Z, 0, MATCH("Date", 'Soruce file '!$1:$1, 0)), ">="&$B$1, INDEX('Soruce file '!$A:$Z, 0, MATCH("Date", 'Soruce file '!$1:$1, 0)), "<="&EOMONTH($B$1,0), INDEX('Soruce file '!$A:$Z, 0, MATCH("GA*", 'Soruce file '!$1:$1, 0)), $A39), 0) -> 0 | C39: =IFERROR(SUMIFS(INDEX('Soruce file '!$A:$Z, 0, MATCH("No Seatbelt", 'Soruce file '!$1:$1, 0)), INDEX('Soruce file '!$A:$Z, 0, MATCH("Date", 'Soruce file '!$1:$1, 0)), ">="&$B$1, INDEX('Soruce file '!$A:$Z, 0, MATCH("Date", 'Soruce file '!$1:$1, 0)), "<="&EOMONTH($B$1,0), INDEX('Soruce file '!$A:$Z, 0, MATCH("GA*", 'Soruce file '!$1:$1, 0)), $A39), 0) -> 0 | D39: =IFERROR(SUMIFS(INDEX('Soruce file '!$A:$Z, 0, MATCH("Yawning", 'Soruce file '!$1:$1, 0)), INDEX('Soruce file '!$A:$Z, 0, MATCH("Date", 'Soruce file '!$1:$1, 0)), ">="&$B$1, INDEX('Soruce file '!$A:$Z, 0, MATCH("Date", 'Soruce file '!$1:$1, 0)), "<="&EOMONTH($B$1,0), INDEX('Soruce file '!$A:$Z, 0, MATCH("GA*", 'Soruce file '!$1:$1, 0)), $A39), 0) -> 0 | E39: =IFERROR(SUMIFS(INDEX('Soruce file '!$A:$Z, 0, MATCH("Fatigue", 'Soruce file '!$1:$1, 0)), INDEX('Soruce file '!$A:$Z, 0, MATCH("Date", 'Soruce file '!$1:$1, 0)), $B$1, INDEX('Soruce file '!$A:$Z, 0, MATCH("GA*", 'Soruce file '!$1:$1, 0)), $A39), 0) -> 0 | F39: =IFERROR(SUMIFS(INDEX('Soruce file '!$A:$Z, 0, MATCH("Harsh Braking", 'Soruce file '!$1:$1, 0)), INDEX('Soruce file '!$A:$Z, 0, MATCH("Date", 'Soruce file '!$1:$1, 0)), ">="&$B$1, INDEX('Soruce file '!$A:$Z, 0, MATCH("Date", 'Soruce file '!$1:$1, 0)), "<="&EOMONTH($B$1,0), INDEX('Soruce file '!$A:$Z, 0, MATCH("GA*", 'Soruce file '!$1:$1, 0)), $A39), 0) -> 0 | G39: =IFERROR(SUMIFS(INDEX('Soruce file '!$A:$Z, 0, MATCH("Overspeed", 'Soruce file '!$1:$1, 0)), INDEX('Soruce file '!$A:$Z, 0, MATCH("Date", 'Soruce file '!$1:$1, 0)), $B$1, INDEX('Soruce file '!$A:$Z, 0, MATCH("GA*", 'Soruce file '!$1:$1, 0)), $A39), 0) -> 0 | H39: =IFERROR(SUMIFS(INDEX('Soruce file '!$A:$Z, 0, MATCH("Sudden Acceleration", 'Soruce file '!$1:$1, 0)), INDEX('Soruce file '!$A:$Z, 0, MATCH("Date", 'Soruce file '!$1:$1, 0)), ">="&$B$1, INDEX('Soruce file '!$A:$Z, 0, MATCH("Date", 'Soruce file '!$1:$1, 0)), "<="&EOMONTH($B$1,0), INDEX('Soruce file '!$A:$Z, 0, MATCH("GA*", 'Soruce file '!$1:$1, 0)), $A39), 0) -> 0 | I39: =IFERROR(SUMIFS(INDEX('Soruce file '!$A:$Z, 0, MATCH("Camera Anomaly", 'Soruce file '!$1:$1, 0)), INDEX('Soruce file '!$A:$Z, 0, MATCH("Date", 'Soruce file '!$1:$1, 0)), ">="&$B$1, INDEX('Soruce file '!$A:$Z, 0, MATCH("Date", 'Soruce file '!$1:$1, 0)), "<="&EOMONTH($B$1,0), INDEX('Soruce file '!$A:$Z, 0, MATCH("GA*", 'Soruce file '!$1:$1, 0)), $A39), 0) -> 0 | J39: =IFERROR(SUMIFS(INDEX('Soruce file '!$A:$Z, 0, MATCH("CD", 'Soruce file '!$1:$1, 0)), INDEX('Soruce file '!$A:$Z, 0, MATCH("Date", 'Soruce file '!$1:$1, 0)), ">="&$B$1, INDEX('Soruce file '!$A:$Z, 0, MATCH("Date", 'Soruce file '!$1:$1, 0)), "<="&EOMONTH($B$1,0), INDEX('Soruce file '!$A:$Z, 0, MATCH("GA*", 'Soruce file '!$1:$1, 0)), $A39), 0) -> 0 | K39: =IFERROR(SUMIFS(INDEX('Soruce file '!$A:$Z, 0, MATCH("Night Driving", 'Soruce file '!$1:$1, 0)), INDEX('Soruce file '!$A:$Z, 0, MATCH("Date", 'Soruce file '!$1:$1, 0)), ">="&$B$1, INDEX('Soruce file '!$A:$Z, 0, MATCH("Date", 'Soruce file '!$1:$1, 0)), "<="&EOMONTH($B$1,0), INDEX('Soruce file '!$A:$Z, 0, MATCH("GA*", 'Soruce file '!$1:$1, 0)), $A39), 0) -> 0 | L39: =SUM(B39:K39) -> 0
A40: CHK | B40: =IFERROR(SUMIFS(INDEX('Soruce file '!$A:$Z, 0, MATCH("Mobile Usage", 'Soruce file '!$1:$1, 0)), INDEX('Soruce file '!$A:$Z, 0, MATCH("Date", 'Soruce file '!$1:$1, 0)), ">="&$B$1, INDEX('Soruce file '!$A:$Z, 0, MATCH("Date", 'Soruce file '!$1:$1, 0)), "<="&EOMONTH($B$1,0), INDEX('Soruce file '!$A:$Z, 0, MATCH("GA*", 'Soruce file '!$1:$1, 0)), $A40), 0) -> 0 | C40: =IFERROR(SUMIFS(INDEX('Soruce file '!$A:$Z, 0, MATCH("No Seatbelt", 'Soruce file '!$1:$1, 0)), INDEX('Soruce file '!$A:$Z, 0, MATCH("Date", 'Soruce file '!$1:$1, 0)), ">="&$B$1, INDEX('Soruce file '!$A:$Z, 0, MATCH("Date", 'Soruce file '!$1:$1, 0)), "<="&EOMONTH($B$1,0), INDEX('Soruce file '!$A:$Z, 0, MATCH("GA*", 'Soruce file '!$1:$1, 0)), $A40), 0) -> 1 | D40: =IFERROR(SUMIFS(INDEX('Soruce file '!$A:$Z, 0, MATCH("Yawning", 'Soruce file '!$1:$1, 0)), INDEX('Soruce file '!$A:$Z, 0, MATCH("Date", 'Soruce file '!$1:$1, 0)), ">="&$B$1, INDEX('Soruce file '!$A:$Z, 0, MATCH("Date", 'Soruce file '!$1:$1, 0)), "<="&EOMONTH($B$1,0), INDEX('Soruce file '!$A:$Z, 0, MATCH("GA*", 'Soruce file '!$1:$1, 0)), $A40), 0) -> 0 | E40: =IFERROR(SUMIFS(INDEX('Soruce file '!$A:$Z, 0, MATCH("Fatigue", 'Soruce file '!$1:$1, 0)), INDEX('Soruce file '!$A:$Z, 0, MATCH("Date", 'Soruce file '!$1:$1, 0)), $B$1, INDEX('Soruce file '!$A:$Z, 0, MATCH("GA*", 'Soruce file '!$1:$1, 0)), $A40), 0) -> 0 | F40: =IFERROR(SUMIFS(INDEX('Soruce file '!$A:$Z, 0, MATCH("Harsh Braking", 'Soruce file '!$1:$1, 0)), INDEX('Soruce file '!$A:$Z, 0, MATCH("Date", 'Soruce file '!$1:$1, 0)), ">="&$B$1, INDEX('Soruce file '!$A:$Z, 0, MATCH("Date", 'Soruce file '!$1:$1, 0)), "<="&EOMONTH($B$1,0), INDEX('Soruce file '!$A:$Z, 0, MATCH("GA*", 'Soruce file '!$1:$1, 0)), $A40), 0) -> 0 | G40: =IFERROR(SUMIFS(INDEX('Soruce file '!$A:$Z, 0, MATCH("Overspeed", 'Soruce file '!$1:$1, 0)), INDEX('Soruce file '!$A:$Z, 0, MATCH("Date", 'Soruce file '!$1:$1, 0)), $B$1, INDEX('Soruce file '!$A:$Z, 0, MATCH("GA*", 'Soruce file '!$1:$1, 0)), $A40), 0) -> 0 | H40: =IFERROR(SUMIFS(INDEX('Soruce file '!$A:$Z, 0, MATCH("Sudden Acceleration", 'Soruce file '!$1:$1, 0)), INDEX('Soruce file '!$A:$Z, 0, MATCH("Date", 'Soruce file '!$1:$1, 0)), ">="&$B$1, INDEX('Soruce file '!$A:$Z, 0, MATCH("Date", 'Soruce file '!$1:$1, 0)), "<="&EOMONTH($B$1,0), INDEX('Soruce file '!$A:$Z, 0, MATCH("GA*", 'Soruce file '!$1:$1, 0)), $A40), 0) -> 0 | I40: =IFERROR(SUMIFS(INDEX('Soruce file '!$A:$Z, 0, MATCH("Camera Anomaly", 'Soruce file '!$1:$1, 0)), INDEX('Soruce file '!$A:$Z, 0, MATCH("Date", 'Soruce file '!$1:$1, 0)), ">="&$B$1, INDEX('Soruce file '!$A:$Z, 0, MATCH("Date", 'Soruce file '!$1:$1, 0)), "<="&EOMONTH($B$1,0), INDEX('Soruce file '!$A:$Z, 0, MATCH("GA*", 'Soruce file '!$1:$1, 0)), $A40), 0) -> 0 | J40: =IFERROR(SUMIFS(INDEX('Soruce file '!$A:$Z, 0, MATCH("CD", 'Soruce file '!$1:$1, 0)), INDEX('Soruce file '!$A:$Z, 0, MATCH("Date", 'Soruce file '!$1:$1, 0)), ">="&$B$1, INDEX('Soruce file '!$A:$Z, 0, MATCH("Date", 'Soruce file '!$1:$1, 0)), "<="&EOMONTH($B$1,0), INDEX('Soruce file '!$A:$Z, 0, MATCH("GA*", 'Soruce file '!$1:$1, 0)), $A40), 0) -> 0 | K40: =IFERROR(SUMIFS(INDEX('Soruce file '!$A:$Z, 0, MATCH("Night Driving", 'Soruce file '!$1:$1, 0)), INDEX('Soruce file '!$A:$Z, 0, MATCH("Date", 'Soruce file '!$1:$1, 0)), ">="&$B$1, INDEX('Soruce file '!$A:$Z, 0, MATCH("Date", 'Soruce file '!$1:$1, 0)), "<="&EOMONTH($B$1,0), INDEX('Soruce file '!$A:$Z, 0, MATCH("GA*", 'Soruce file '!$1:$1, 0)), $A40), 0) -> 0 | L40: =SUM(B40:K40) -> 1
A41: Jalandhar | B41: =IFERROR(SUMIFS(INDEX('Soruce file '!$A:$Z, 0, MATCH("Mobile Usage", 'Soruce file '!$1:$1, 0)), INDEX('Soruce file '!$A:$Z, 0, MATCH("Date", 'Soruce file '!$1:$1, 0)), ">="&$B$1, INDEX('Soruce file '!$A:$Z, 0, MATCH("Date", 'Soruce file '!$1:$1, 0)), "<="&EOMONTH($B$1,0), INDEX('Soruce file '!$A:$Z, 0, MATCH("GA*", 'Soruce file '!$1:$1, 0)), $A41), 0) -> 4 | C41: =IFERROR(SUMIFS(INDEX('Soruce file '!$A:$Z, 0, MATCH("No Seatbelt", 'Soruce file '!$1:$1, 0)), INDEX('Soruce file '!$A:$Z, 0, MATCH("Date", 'Soruce file '!$1:$1, 0)), ">="&$B$1, INDEX('Soruce file '!$A:$Z, 0, MATCH("Date", 'Soruce file '!$1:$1, 0)), "<="&EOMONTH($B$1,0), INDEX('Soruce file '!$A:$Z, 0, MATCH("GA*", 'Soruce file '!$1:$1, 0)), $A41), 0) -> 4 | D41: =IFERROR(SUMIFS(INDEX('Soruce file '!$A:$Z, 0, MATCH("Yawning", 'Soruce file '!$1:$1, 0)), INDEX('Soruce file '!$A:$Z, 0, MATCH("Date", 'Soruce file '!$1:$1, 0)), ">="&$B$1, INDEX('Soruce file '!$A:$Z, 0, MATCH("Date", 'Soruce file '!$1:$1, 0)), "<="&EOMONTH($B$1,0), INDEX('Soruce file '!$A:$Z, 0, MATCH("GA*", 'Soruce file '!$1:$1, 0)), $A41), 0) -> 1 | E41: =IFERROR(SUMIFS(INDEX('Soruce file '!$A:$Z, 0, MATCH("Fatigue", 'Soruce file '!$1:$1, 0)), INDEX('Soruce file '!$A:$Z, 0, MATCH("Date", 'Soruce file '!$1:$1, 0)), $B$1, INDEX('Soruce file '!$A:$Z, 0, MATCH("GA*", 'Soruce file '!$1:$1, 0)), $A41), 0) -> 0 | F41: =IFERROR(SUMIFS(INDEX('Soruce file '!$A:$Z, 0, MATCH("Harsh Braking", 'Soruce file '!$1:$1, 0)), INDEX('Soruce file '!$A:$Z, 0, MATCH("Date", 'Soruce file '!$1:$1, 0)), ">="&$B$1, INDEX('Soruce file '!$A:$Z, 0, MATCH("Date", 'Soruce file '!$1:$1, 0)), "<="&EOMONTH($B$1,0), INDEX('Soruce file '!$A:$Z, 0, MATCH("GA*", 'Soruce file '!$1:$1, 0)), $A41), 0) -> 0 | G41: =IFERROR(SUMIFS(INDEX('Soruce file '!$A:$Z, 0, MATCH("Overspeed", 'Soruce file '!$1:$1, 0)), INDEX('Soruce file '!$A:$Z, 0, MATCH("Date", 'Soruce file '!$1:$1, 0)), $B$1, INDEX('Soruce file '!$A:$Z, 0, MATCH("GA*", 'Soruce file '!$1:$1, 0)), $A41), 0) -> 0 | H41: =IFERROR(SUMIFS(INDEX('Soruce file '!$A:$Z, 0, MATCH("Sudden Acceleration", 'Soruce file '!$1:$1, 0)), INDEX('Soruce file '!$A:$Z, 0, MATCH("Date", 'Soruce file '!$1:$1, 0)), ">="&$B$1, INDEX('Soruce file '!$A:$Z, 0, MATCH("Date", 'Soruce file '!$1:$1, 0)), "<="&EOMONTH($B$1,0), INDEX('Soruce file '!$A:$Z, 0, MATCH("GA*", 'Soruce file '!$1:$1, 0)), $A41), 0) -> 0 | I41: =IFERROR(SUMIFS(INDEX('Soruce file '!$A:$Z, 0, MATCH("Camera Anomaly", 'Soruce file '!$1:$1, 0)), INDEX('Soruce file '!$A:$Z, 0, MATCH("Date", 'Soruce file '!$1:$1, 0)), ">="&$B$1, INDEX('Soruce file '!$A:$Z, 0, MATCH("Date", 'Soruce file '!$1:$1, 0)), "<="&EOMONTH($B$1,0), INDEX('Soruce file '!$A:$Z, 0, MATCH("GA*", 'Soruce file '!$1:$1, 0)), $A41), 0) -> 1 | J41: =IFERROR(SUMIFS(INDEX('Soruce file '!$A:$Z, 0, MATCH("CD", 'Soruce file '!$1:$1, 0)), INDEX('Soruce file '!$A:$Z, 0, MATCH("Date", 'Soruce file '!$1:$1, 0)), ">="&$B$1, INDEX('Soruce file '!$A:$Z, 0, MATCH("Date", 'Soruce file '!$1:$1, 0)), "<="&EOMONTH($B$1,0), INDEX('Soruce file '!$A:$Z, 0, MATCH("GA*", 'Soruce file '!$1:$1, 0)), $A41), 0) -> 0 | K41: =IFERROR(SUMIFS(INDEX('Soruce file '!$A:$Z, 0, MATCH("Night Driving", 'Soruce file '!$1:$1, 0)), INDEX('Soruce file '!$A:$Z, 0, MATCH("Date", 'Soruce file '!$1:$1, 0)), ">="&$B$1, INDEX('Soruce file '!$A:$Z, 0, MATCH("Date", 'Soruce file '!$1:$1, 0)), "<="&EOMONTH($B$1,0), INDEX('Soruce file '!$A:$Z, 0, MATCH("GA*", 'Soruce file '!$1:$1, 0)), $A41), 0) -> 0 | L41: =SUM(B41:K41) -> 10
A42: KNCP | B42: =IFERROR(SUMIFS(INDEX('Soruce file '!$A:$Z, 0, MATCH("Mobile Usage", 'Soruce file '!$1:$1, 0)), INDEX('Soruce file '!$A:$Z, 0, MATCH("Date", 'Soruce file '!$1:$1, 0)), ">="&$B$1, INDEX('Soruce file '!$A:$Z, 0, MATCH("Date", 'Soruce file '!$1:$1, 0)), "<="&EOMONTH($B$1,0), INDEX('Soruce file '!$A:$Z, 0, MATCH("GA*", 'Soruce file '!$1:$1, 0)), $A42), 0) -> 16 | C42: =IFERROR(SUMIFS(INDEX('Soruce file '!$A:$Z, 0, MATCH("No Seatbelt", 'Soruce file '!$1:$1, 0)), INDEX('Soruce file '!$A:$Z, 0, MATCH("Date", 'Soruce file '!$1:$1, 0)), ">="&$B$1, INDEX('Soruce file '!$A:$Z, 0, MATCH("Date", 'Soruce file '!$1:$1, 0)), "<="&EOMONTH($B$1,0), INDEX('Soruce file '!$A:$Z, 0, MATCH("GA*", 'Soruce file '!$1:$1, 0)), $A42), 0) -> 1 | D42: =IFERROR(SUMIFS(INDEX('Soruce file '!$A:$Z, 0, MATCH("Yawning", 'Soruce file '!$1:$1, 0)), INDEX('Soruce file '!$A:$Z, 0, MATCH("Date", 'Soruce file '!$1:$1, 0)), ">="&$B$1, INDEX('Soruce file '!$A:$Z, 0, MATCH("Date", 'Soruce file '!$1:$1, 0)), "<="&EOMONTH($B$1,0), INDEX('Soruce file '!$A:$Z, 0, MATCH("GA*", 'Soruce file '!$1:$1, 0)), $A42), 0) -> 0 | E42: =IFERROR(SUMIFS(INDEX('Soruce file '!$A:$Z, 0, MATCH("Fatigue", 'Soruce file '!$1:$1, 0)), INDEX('Soruce file '!$A:$Z, 0, MATCH("Date", 'Soruce file '!$1:$1, 0)), $B$1, INDEX('Soruce file '!$A:$Z, 0, MATCH("GA*", 'Soruce file '!$1:$1, 0)), $A42), 0) -> 0 | F42: =IFERROR(SUMIFS(INDEX('Soruce file '!$A:$Z, 0, MATCH("Harsh Braking", 'Soruce file '!$1:$1, 0)), INDEX('Soruce file '!$A:$Z, 0, MATCH("Date", 'Soruce file '!$1:$1, 0)), ">="&$B$1, INDEX('Soruce file '!$A:$Z, 0, MATCH("Date", 'Soruce file '!$1:$1, 0)), "<="&EOMONTH($B$1,0), INDEX('Soruce file '!$A:$Z, 0, MATCH("GA*", 'Soruce file '!$1:$1, 0)), $A42), 0) -> 0 | G42: =IFERROR(SUMIFS(INDEX('Soruce file '!$A:$Z, 0, MATCH("Overspeed", 'Soruce file '!$1:$1, 0)), INDEX('Soruce file '!$A:$Z, 0, MATCH("Date", 'Soruce file '!$1:$1, 0)), $B$1, INDEX('Soruce file '!$A:$Z, 0, MATCH("GA*", 'Soruce file '!$1:$1, 0)), $A42), 0) -> 0 | H42: =IFERROR(SUMIFS(INDEX('Soruce file '!$A:$Z, 0, MATCH("Sudden Acceleration", 'Soruce file '!$1:$1, 0)), INDEX('Soruce file '!$A:$Z, 0, MATCH("Date", 'Soruce file '!$1:$1, 0)), ">="&$B$1, INDEX('Soruce file '!$A:$Z, 0, MATCH("Date", 'Soruce file '!$1:$1, 0)), "<="&EOMONTH($B$1,0), INDEX('Soruce file '!$A:$Z, 0, MATCH("GA*", 'Soruce file '!$1:$1, 0)), $A42), 0) -> 0 | I42: =IFERROR(SUMIFS(INDEX('Soruce file '!$A:$Z, 0, MATCH("Camera Anomaly", 'Soruce file '!$1:$1, 0)), INDEX('Soruce file '!$A:$Z, 0, MATCH("Date", 'Soruce file '!$1:$1, 0)), ">="&$B$1, INDEX('Soruce file '!$A:$Z, 0, MATCH("Date", 'Soruce file '!$1:$1, 0)), "<="&EOMONTH($B$1,0), INDEX('Soruce file '!$A:$Z, 0, MATCH("GA*", 'Soruce file '!$1:$1, 0)), $A42), 0) -> 0 | J42: =IFERROR(SUMIFS(INDEX('Soruce file '!$A:$Z, 0, MATCH("CD", 'Soruce file '!$1:$1, 0)), INDEX('Soruce file '!$A:$Z, 0, MATCH("Date", 'Soruce file '!$1:$1, 0)), ">="&$B$1, INDEX('Soruce file '!$A:$Z, 0, MATCH("Date", 'Soruce file '!$1:$1, 0)), "<="&EOMONTH($B$1,0), INDEX('Soruce file '!$A:$Z, 0, MATCH("GA*", 'Soruce file '!$1:$1, 0)), $A42), 0) -> 0 | K42: =IFERROR(SUMIFS(INDEX('Soruce file '!$A:$Z, 0, MATCH("Night Driving", 'Soruce file '!$1:$1, 0)), INDEX('Soruce file '!$A:$Z, 0, MATCH("Date", 'Soruce file '!$1:$1, 0)), ">="&$B$1, INDEX('Soruce file '!$A:$Z, 0, MATCH("Date", 'Soruce file '!$1:$1, 0)), "<="&EOMONTH($B$1,0), INDEX('Soruce file '!$A:$Z, 0, MATCH("GA*", 'Soruce file '!$1:$1, 0)), $A42), 0) -> 0 | L42: =SUM(B42:K42) -> 17
A43: KNV | B43: =IFERROR(SUMIFS(INDEX('Soruce file '!$A:$Z, 0, MATCH("Mobile Usage", 'Soruce file '!$1:$1, 0)), INDEX('Soruce file '!$A:$Z, 0, MATCH("Date", 'Soruce file '!$1:$1, 0)), ">="&$B$1, INDEX('Soruce file '!$A:$Z, 0, MATCH("Date", 'Soruce file '!$1:$1, 0)), "<="&EOMONTH($B$1,0), INDEX('Soruce file '!$A:$Z, 0, MATCH("GA*", 'Soruce file '!$1:$1, 0)), $A43), 0) -> 0 | C43: =IFERROR(SUMIFS(INDEX('Soruce file '!$A:$Z, 0, MATCH("No Seatbelt", 'Soruce file '!$1:$1, 0)), INDEX('Soruce file '!$A:$Z, 0, MATCH("Date", 'Soruce file '!$1:$1, 0)), ">="&$B$1, INDEX('Soruce file '!$A:$Z, 0, MATCH("Date", 'Soruce file '!$1:$1, 0)), "<="&EOMONTH($B$1,0), INDEX('Soruce file '!$A:$Z, 0, MATCH("GA*", 'Soruce file '!$1:$1, 0)), $A43), 0) -> 1 | D43: =IFERROR(SUMIFS(INDEX('Soruce file '!$A:$Z, 0, MATCH("Yawning", 'Soruce file '!$1:$1, 0)), INDEX('Soruce file '!$A:$Z, 0, MATCH("Date", 'Soruce file '!$1:$1, 0)), ">="&$B$1, INDEX('Soruce file '!$A:$Z, 0, MATCH("Date", 'Soruce file '!$1:$1, 0)), "<="&EOMONTH($B$1,0), INDEX('Soruce file '!$A:$Z, 0, MATCH("GA*", 'Soruce file '!$1:$1, 0)), $A43), 0) -> 0 | E43: =IFERROR(SUMIFS(INDEX('Soruce file '!$A:$Z, 0, MATCH("Fatigue", 'Soruce file '!$1:$1, 0)), INDEX('Soruce file '!$A:$Z, 0, MATCH("Date", 'Soruce file '!$1:$1, 0)), $B$1, INDEX('Soruce file '!$A:$Z, 0, MATCH("GA*", 'Soruce file '!$1:$1, 0)), $A43), 0) -> 0 | F43: =IFERROR(SUMIFS(INDEX('Soruce file '!$A:$Z, 0, MATCH("Harsh Braking", 'Soruce file '!$1:$1, 0)), INDEX('Soruce file '!$A:$Z, 0, MATCH("Date", 'Soruce file '!$1:$1, 0)), ">="&$B$1, INDEX('Soruce file '!$A:$Z, 0, MATCH("Date", 'Soruce file '!$1:$1, 0)), "<="&EOMONTH($B$1,0), INDEX('Soruce file '!$A:$Z, 0, MATCH("GA*", 'Soruce file '!$1:$1, 0)), $A43), 0) -> 0 | G43: =IFERROR(SUMIFS(INDEX('Soruce file '!$A:$Z, 0, MATCH("Overspeed", 'Soruce file '!$1:$1, 0)), INDEX('Soruce file '!$A:$Z, 0, MATCH("Date", 'Soruce file '!$1:$1, 0)), $B$1, INDEX('Soruce file '!$A:$Z, 0, MATCH("GA*", 'Soruce file '!$1:$1, 0)), $A43), 0) -> 0 | H43: =IFERROR(SUMIFS(INDEX('Soruce file '!$A:$Z, 0, MATCH("Sudden Acceleration", 'Soruce file '!$1:$1, 0)), INDEX('Soruce file '!$A:$Z, 0, MATCH("Date", 'Soruce file '!$1:$1, 0)), ">="&$B$1, INDEX('Soruce file '!$A:$Z, 0, MATCH("Date", 'Soruce file '!$1:$1, 0)), "<="&EOMONTH($B$1,0), INDEX('Soruce file '!$A:$Z, 0, MATCH("GA*", 'Soruce file '!$1:$1, 0)), $A43), 0) -> 0 | I43: =IFERROR(SUMIFS(INDEX('Soruce file '!$A:$Z, 0, MATCH("Camera Anomaly", 'Soruce file '!$1:$1, 0)), INDEX('Soruce file '!$A:$Z, 0, MATCH("Date", 'Soruce file '!$1:$1, 0)), ">="&$B$1, INDEX('Soruce file '!$A:$Z, 0, MATCH("Date", 'Soruce file '!$1:$1, 0)), "<="&EOMONTH($B$1,0), INDEX('Soruce file '!$A:$Z, 0, MATCH("GA*", 'Soruce file '!$1:$1, 0)), $A43), 0) -> 0 | J43: =IFERROR(SUMIFS(INDEX('Soruce file '!$A:$Z, 0, MATCH("CD", 'Soruce file '!$1:$1, 0)), INDEX('Soruce file '!$A:$Z, 0, MATCH("Date", 'Soruce file '!$1:$1, 0)), ">="&$B$1, INDEX('Soruce file '!$A:$Z, 0, MATCH("Date", 'Soruce file '!$1:$1, 0)), "<="&EOMONTH($B$1,0), INDEX('Soruce file '!$A:$Z, 0, MATCH("GA*", 'Soruce file '!$1:$1, 0)), $A43), 0) -> 0 | K43: =IFERROR(SUMIFS(INDEX('Soruce file '!$A:$Z, 0, MATCH("Night Driving", 'Soruce file '!$1:$1, 0)), INDEX('Soruce file '!$A:$Z, 0, MATCH("Date", 'Soruce file '!$1:$1, 0)), ">="&$B$1, INDEX('Soruce file '!$A:$Z, 0, MATCH("Date", 'Soruce file '!$1:$1, 0)), "<="&EOMONTH($B$1,0), INDEX('Soruce file '!$A:$Z, 0, MATCH("GA*", 'Soruce file '!$1:$1, 0)), $A43), 0) -> 0 | L43: =SUM(B43:K43) -> 1
... A49: Vellore | B49: =IFERROR(SUMIFS(INDEX('Soruce file '!$A:$Z, 0, MATCH("Mobile Usage", 'Soruce file '!$1:$1, 0)), INDEX('Soruce file '!$A:$Z, 0, MATCH("Date", 'Soruce file '!$1:$1, 0)), ">="&$B$1, INDEX('Soruce file '!$A:$Z, 0, MATCH("Date", 'Soruce file '!$1:$1, 0)), "<="&EOMONTH($B$1,0), INDEX('Soruce file '!$A:$Z, 0, MATCH("GA*", 'Soruce file '!$1:$1, 0)), $A49), 0) -> 0 | C49: =IFERROR(SUMIFS(INDEX('Soruce file '!$A:$Z, 0, MATCH("No Seatbelt", 'Soruce file '!$1:$1, 0)), INDEX('Soruce file '!$A:$Z, 0, MATCH("Date", 'Soruce file '!$1:$1, 0)), ">="&$B$1, INDEX('Soruce file '!$A:$Z, 0, MATCH("Date", 'Soruce file '!$1:$1, 0)), "<="&EOMONTH($B$1,0), INDEX('Soruce file '!$A:$Z, 0, MATCH("GA*", 'Soruce file '!$1:$1, 0)), $A49), 0) -> 0 | D49: =IFERROR(SUMIFS(INDEX('Soruce file '!$A:$Z, 0, MATCH("Yawning", 'Soruce file '!$1:$1, 0)), INDEX('Soruce file '!$A:$Z, 0, MATCH("Date", 'Soruce file '!$1:$1, 0)), ">="&$B$1, INDEX('Soruce file '!$A:$Z, 0, MATCH("Date", 'Soruce file '!$1:$1, 0)), "<="&EOMONTH($B$1,0), INDEX('Soruce file '!$A:$Z, 0, MATCH("GA*", 'Soruce file '!$1:$1, 0)), $A49), 0) -> 0 | E49: =IFERROR(SUMIFS(INDEX('Soruce file '!$A:$Z, 0, MATCH("Fatigue", 'Soruce file '!$1:$1, 0)), INDEX('Soruce file '!$A:$Z, 0, MATCH("Date", 'Soruce file '!$1:$1, 0)), $B$1, INDEX('Soruce file '!$A:$Z, 0, MATCH("GA*", 'Soruce file '!$1:$1, 0)), $A49), 0) -> 0 | F49: =IFERROR(SUMIFS(INDEX('Soruce file '!$A:$Z, 0, MATCH("Harsh Braking", 'Soruce file '!$1:$1, 0)), INDEX('Soruce file '!$A:$Z, 0, MATCH("Date", 'Soruce file '!$1:$1, 0)), ">="&$B$1, INDEX('Soruce file '!$A:$Z, 0, MATCH("Date", 'Soruce file '!$1:$1, 0)), "<="&EOMONTH($B$1,0), INDEX('Soruce file '!$A:$Z, 0, MATCH("GA*", 'Soruce file '!$1:$1, 0)), $A49), 0) -> 0 | G49: =IFERROR(SUMIFS(INDEX('Soruce file '!$A:$Z, 0, MATCH("Overspeed", 'Soruce file '!$1:$1, 0)), INDEX('Soruce file '!$A:$Z, 0, MATCH("Date", 'Soruce file '!$1:$1, 0)), $B$1, INDEX('Soruce file '!$A:$Z, 0, MATCH("GA*", 'Soruce file '!$1:$1, 0)), $A49), 0) -> 0 | H49: =IFERROR(SUMIFS(INDEX('Soruce file '!$A:$Z, 0, MATCH("Sudden Acceleration", 'Soruce file '!$1:$1, 0)), INDEX('Soruce file '!$A:$Z, 0, MATCH("Date", 'Soruce file '!$1:$1, 0)), ">="&$B$1, INDEX('Soruce file '!$A:$Z, 0, MATCH("Date", 'Soruce file '!$1:$1, 0)), "<="&EOMONTH($B$1,0), INDEX('Soruce file '!$A:$Z, 0, MATCH("GA*", 'Soruce file '!$1:$1, 0)), $A49), 0) -> 0 | I49: =IFERROR(SUMIFS(INDEX('Soruce file '!$A:$Z, 0, MATCH("Camera Anomaly", 'Soruce file '!$1:$1, 0)), INDEX('Soruce file '!$A:$Z, 0, MATCH("Date", 'Soruce file '!$1:$1, 0)), ">="&$B$1, INDEX('Soruce file '!$A:$Z, 0, MATCH("Date", 'Soruce file '!$1:$1, 0)), "<="&EOMONTH($B$1,0), INDEX('Soruce file '!$A:$Z, 0, MATCH("GA*", 'Soruce file '!$1:$1, 0)), $A49), 0) -> 0 | J49: =IFERROR(SUMIFS(INDEX('Soruce file '!$A:$Z, 0, MATCH("CD", 'Soruce file '!$1:$1, 0)), INDEX('Soruce file '!$A:$Z, 0, MATCH("Date", 'Soruce file '!$1:$1, 0)), ">="&$B$1, INDEX('Soruce file '!$A:$Z, 0, MATCH("Date", 'Soruce file '!$1:$1, 0)), "<="&EOMONTH($B$1,0), INDEX('Soruce file '!$A:$Z, 0, MATCH("GA*", 'Soruce file '!$1:$1, 0)), $A49), 0) -> 0 | K49: =IFERROR(SUMIFS(INDEX('Soruce file '!$A:$Z, 0, MATCH("Night Driving", 'Soruce file '!$1:$1, 0)), INDEX('Soruce file '!$A:$Z, 0, MATCH("Date", 'Soruce file '!$1:$1, 0)), ">="&$B$1, INDEX('Soruce file '!$A:$Z, 0, MATCH("Date", 'Soruce file '!$1:$1, 0)), "<="&EOMONTH($B$1,0), INDEX('Soruce file '!$A:$Z, 0, MATCH("GA*", 'Soruce file '!$1:$1, 0)), $A49), 0) -> 0 | L49: =SUM(B49:K49) -> 0
A50: Total | B50: =SUM(B32:B49) -> 58 | C50: =SUM(C32:C49) -> 14 | D50: =SUM(D32:D49) -> 3 | E50: =SUM(E32:E49) -> 0 | F50: =SUM(F32:F49) -> 0 | G50: =SUM(G32:G49) -> 1 | H50: =SUM(H32:H49) -> 0 | I50: =SUM(I32:I49) -> 7 | ... K50: =SUM(K32:K49) -> 0 | L50: =SUM(B50:K50) -> 83
A53: Report From Date | B53: =EOMONTH(MAX('Soruce file '!B:B), -1) + 1 -> 46082
A54: Location | B54: Mobile Usage | C54: No Seatbelt | D54: Yawning | E54: Driver Fatigue | F54: Harsh Braking | G54: Over speed | H54: Sudden Acceleration | I54: Camera Anomaly | J54: Continuous Driving | K54: Night Driving | L54: Total
A55: Dahej | B55: =IFERROR(SUMIFS(INDEX('Soruce file '!$A:$Z, 0, MATCH("Mobile Usage", 'Soruce file '!$1:$1, 0)), INDEX('Soruce file '!$A:$Z, 0, MATCH("Date", 'Soruce file '!$1:$1, 0)), ">="&$B$1, INDEX('Soruce file '!$A:$Z, 0, MATCH("Date", 'Soruce file '!$1:$1, 0)), "<="&EOMONTH($B$1,0), INDEX('Soruce file '!$A:$Z, 0, MATCH("GA*", 'Soruce file '!$1:$1, 0)), $A55), 0) -> 7 | C55: =IFERROR(SUMIFS(INDEX('Soruce file '!$A:$Z, 0, MATCH("No Seatbelt", 'Soruce file '!$1:$1, 0)), INDEX('Soruce file '!$A:$Z, 0, MATCH("Date", 'Soruce file '!$1:$1, 0)), ">="&$B$1, INDEX('Soruce file '!$A:$Z, 0, MATCH("Date", 'Soruce file '!$1:$1, 0)), "<="&EOMONTH($B$1,0), INDEX('Soruce file '!$A:$Z, 0, MATCH("GA*", 'Soruce file '!$1:$1, 0)), $A55), 0) -> 5 | D55: =IFERROR(SUMIFS(INDEX('Soruce file '!$A:$Z, 0, MATCH("Yawning", 'Soruce file '!$1:$1, 0)), INDEX('Soruce file '!$A:$Z, 0, MATCH("Date", 'Soruce file '!$1:$1, 0)), ">="&$B$1, INDEX('Soruce file '!$A:$Z, 0, MATCH("Date", 'Soruce file '!$1:$1, 0)), "<="&EOMONTH($B$1,0), INDEX('Soruce file '!$A:$Z, 0, MATCH("GA*", 'Soruce file '!$1:$1, 0)), $A55), 0) -> 0 | E55: =IFERROR(SUMIFS(INDEX('Soruce file '!$A:$Z, 0, MATCH("Fatigue", 'Soruce file '!$1:$1, 0)), INDEX('Soruce file '!$A:$Z, 0, MATCH("Date", 'Soruce file '!$1:$1, 0)), $B$1, INDEX('Soruce file '!$A:$Z, 0, MATCH("GA*", 'Soruce file '!$1:$1, 0)), $A55), 0) -> 0 | F55: =IFERROR(SUMIFS(INDEX('Soruce file '!$A:$Z, 0, MATCH("Harsh Braking", 'Soruce file '!$1:$1, 0)), INDEX('Soruce file '!$A:$Z, 0, MATCH("Date", 'Soruce file '!$1:$1, 0)), ">="&$B$1, INDEX('Soruce file '!$A:$Z, 0, MATCH("Date", 'Soruce file '!$1:$1, 0)), "<="&EOMONTH($B$1,0), INDEX('Soruce file '!$A:$Z, 0, MATCH("GA*", 'Soruce file '!$1:$1, 0)), $A55), 0) -> 0 | G55: =IFERROR(SUMIFS(INDEX('Soruce file '!$A:$Z, 0, MATCH("Overspeed", 'Soruce file '!$1:$1, 0)), INDEX('Soruce file '!$A:$Z, 0, MATCH("Date", 'Soruce file '!$1:$1, 0)), $B$1, INDEX('Soruce file '!$A:$Z, 0, MATCH("GA*", 'Soruce file '!$1:$1, 0)), $A55), 0) -> 0 | H55: =IFERROR(SUMIFS(INDEX('Soruce file '!$A:$Z, 0, MATCH("Sudden Acceleration", 'Soruce file '!$1:$1, 0)), INDEX('Soruce file '!$A:$Z, 0, MATCH("Date", 'Soruce file '!$1:$1, 0)), ">="&$B$1, INDEX('Soruce file '!$A:$Z, 0, MATCH("Date", 'Soruce file '!$1:$1, 0)), "<="&EOMONTH($B$1,0), INDEX('Soruce file '!$A:$Z, 0, MATCH("GA*", 'Soruce file '!$1:$1, 0)), $A55), 0) -> 0 | I55: =IFERROR(SUMIFS(INDEX('Soruce file '!$A:$Z, 0, MATCH("Camera Anomaly", 'Soruce file '!$1:$1, 0)), INDEX('Soruce file '!$A:$Z, 0, MATCH("Date", 'Soruce file '!$1:$1, 0)), ">="&$B$1, INDEX('Soruce file '!$A:$Z, 0, MATCH("Date", 'Soruce file '!$1:$1, 0)), "<="&EOMONTH($B$1,0), INDEX('Soruce file '!$A:$Z, 0, MATCH("GA*", 'Soruce file '!$1:$1, 0)), $A55), 0) -> 0 | J55: =IFERROR(SUMIFS(INDEX('Soruce file '!$A:$Z, 0, MATCH("CD", 'Soruce file '!$1:$1, 0)), INDEX('Soruce file '!$A:$Z, 0, MATCH("Date", 'Soruce file '!$1:$1, 0)), ">="&$B$1, INDEX('Soruce file '!$A:$Z, 0, MATCH("Date", 'Soruce file '!$1:$1, 0)), "<="&EOMONTH($B$1,0), INDEX('Soruce file '!$A:$Z, 0, MATCH("GA*", 'Soruce file '!$1:$1, 0)), $A55), 0) -> 0 | K55: =IFERROR(SUMIFS(INDEX('Soruce file '!$A:$Z, 0, MATCH("Night Driving", 'Soruce file '!$1:$1, 0)), INDEX('Soruce file '!$A:$Z, 0, MATCH("Date", 'Soruce file '!$1:$1, 0)), ">="&$B$1, INDEX('Soruce file '!$A:$Z, 0, MATCH("Date", 'Soruce file '!$1:$1, 0)), "<="&EOMONTH($B$1,0), INDEX('Soruce file '!$A:$Z, 0, MATCH("GA*", 'Soruce file '!$1:$1, 0)), $A55), 0) -> 0 | L55: =SUM(B55:K55) -> 12
A56: Ennore | B56: =IFERROR(SUMIFS(INDEX('Soruce file '!$A:$Z, 0, MATCH("Mobile Usage", 'Soruce file '!$1:$1, 0)), INDEX('Soruce file '!$A:$Z, 0, MATCH("Date", 'Soruce file '!$1:$1, 0)), ">="&$B$1, INDEX('Soruce file '!$A:$Z, 0, MATCH("Date", 'Soruce file '!$1:$1, 0)), "<="&EOMONTH($B$1,0), INDEX('Soruce file '!$A:$Z, 0, MATCH("GA*", 'Soruce file '!$1:$1, 0)), $A56), 0) -> 7 | C56: =IFERROR(SUMIFS(INDEX('Soruce file '!$A:$Z, 0, MATCH("No Seatbelt", 'Soruce file '!$1:$1, 0)), INDEX('Soruce file '!$A:$Z, 0, MATCH("Date", 'Soruce file '!$1:$1, 0)), ">="&$B$1, INDEX('Soruce file '!$A:$Z, 0, MATCH("Date", 'Soruce file '!$1:$1, 0)), "<="&EOMONTH($B$1,0), INDEX('Soruce file '!$A:$Z, 0, MATCH("GA*", 'Soruce file '!$1:$1, 0)), $A56), 0) -> 0 | D56: =IFERROR(SUMIFS(INDEX('Soruce file '!$A:$Z, 0, MATCH("Yawning", 'Soruce file '!$1:$1, 0)), INDEX('Soruce file '!$A:$Z, 0, MATCH("Date", 'Soruce file '!$1:$1, 0)), ">="&$B$1, INDEX('Soruce file '!$A:$Z, 0, MATCH("Date", 'Soruce file '!$1:$1, 0)), "<="&EOMONTH($B$1,0), INDEX('Soruce file '!$A:$Z, 0, MATCH("GA*", 'Soruce file '!$1:$1, 0)), $A56), 0) -> 0 | E56: =IFERROR(SUMIFS(INDEX('Soruce file '!$A:$Z, 0, MATCH("Fatigue", 'Soruce file '!$1:$1, 0)), INDEX('Soruce file '!$A:$Z, 0, MATCH("Date", 'Soruce file '!$1:$1, 0)), $B$1, INDEX('Soruce file '!$A:$Z, 0, MATCH("GA*", 'Soruce file '!$1:$1, 0)), $A56), 0) -> 0 | F56: =IFERROR(SUMIFS(INDEX('Soruce file '!$A:$Z, 0, MATCH("Harsh Braking", 'Soruce file '!$1:$1, 0)), INDEX('Soruce file '!$A:$Z, 0, MATCH("Date", 'Soruce file '!$1:$1, 0)), ">="&$B$1, INDEX('Soruce file '!$A:$Z, 0, MATCH("Date", 'Soruce file '!$1:$1, 0)), "<="&EOMONTH($B$1,0), INDEX('Soruce file '!$A:$Z, 0, MATCH("GA*", 'Soruce file '!$1:$1, 0)), $A56), 0) -> 0 | G56: =IFERROR(SUMIFS(INDEX('Soruce file '!$A:$Z, 0, MATCH("Overspeed", 'Soruce file '!$1:$1, 0)), INDEX('Soruce file '!$A:$Z, 0, MATCH("Date", 'Soruce file '!$1:$1, 0)), $B$1, INDEX('Soruce file '!$A:$Z, 0, MATCH("GA*", 'Soruce file '!$1:$1, 0)), $A56), 0) -> 0 | H56: =IFERROR(SUMIFS(INDEX('Soruce file '!$A:$Z, 0, MATCH("Sudden Acceleration", 'Soruce file '!$1:$1, 0)), INDEX('Soruce file '!$A:$Z, 0, MATCH("Date", 'Soruce file '!$1:$1, 0)), ">="&$B$1, INDEX('Soruce file '!$A:$Z, 0, MATCH("Date", 'Soruce file '!$1:$1, 0)), "<="&EOMONTH($B$1,0), INDEX('Soruce file '!$A:$Z, 0, MATCH("GA*", 'Soruce file '!$1:$1, 0)), $A56), 0) -> 0 | I56: =IFERROR(SUMIFS(INDEX('Soruce file '!$A:$Z, 0, MATCH("Camera Anomaly", 'Soruce file '!$1:$1, 0)), INDEX('Soruce file '!$A:$Z, 0, MATCH("Date", 'Soruce file '!$1:$1, 0)), ">="&$B$1, INDEX('Soruce file '!$A:$Z, 0, MATCH("Date", 'Soruce file '!$1:$1, 0)), "<="&EOMONTH($B$1,0), INDEX('Soruce file '!$A:$Z, 0, MATCH("GA*", 'Soruce file '!$1:$1, 0)), $A56), 0) -> 6 | J56: =IFERROR(SUMIFS(INDEX('Soruce file '!$A:$Z, 0, MATCH("CD", 'Soruce file '!$1:$1, 0)), INDEX('Soruce file '!$A:$Z, 0, MATCH("Date", 'Soruce file '!$1:$1, 0)), ">="&$B$1, INDEX('Soruce file '!$A:$Z, 0, MATCH("Date", 'Soruce file '!$1:$1, 0)), "<="&EOMONTH($B$1,0), INDEX('Soruce file '!$A:$Z, 0, MATCH("GA*", 'Soruce file '!$1:$1, 0)), $A56), 0) -> 0 | K56: =IFERROR(SUMIFS(INDEX('Soruce file '!$A:$Z, 0, MATCH("Night Driving", 'Soruce file '!$1:$1, 0)), INDEX('Soruce file '!$A:$Z, 0, MATCH("Date", 'Soruce file '!$1:$1, 0)), ">="&$B$1, INDEX('Soruce file '!$A:$Z, 0, MATCH("Date", 'Soruce file '!$1:$1, 0)), "<="&EOMONTH($B$1,0), INDEX('Soruce file '!$A:$Z, 0, MATCH("GA*", 'Soruce file '!$1:$1, 0)), $A56), 0) -> 0 | L56: =SUM(B56:K56) -> 13
A57: Hazira | B57: =IFERROR(SUMIFS(INDEX('Soruce file '!$A:$Z, 0, MATCH("Mobile Usage", 'Soruce file '!$1:$1, 0)), INDEX('Soruce file '!$A:$Z, 0, MATCH("Date", 'Soruce file '!$1:$1, 0)), ">="&$B$1, INDEX('Soruce file '!$A:$Z, 0, MATCH("Date", 'Soruce file '!$1:$1, 0)), "<="&EOMONTH($B$1,0), INDEX('Soruce file '!$A:$Z, 0, MATCH("GA*", 'Soruce file '!$1:$1, 0)), $A57), 0) -> 0 | C57: =IFERROR(SUMIFS(INDEX('Soruce file '!$A:$Z, 0, MATCH("No Seatbelt", 'Soruce file '!$1:$1, 0)), INDEX('Soruce file '!$A:$Z, 0, MATCH("Date", 'Soruce file '!$1:$1, 0)), ">="&$B$1, INDEX('Soruce file '!$A:$Z, 0, MATCH("Date", 'Soruce file '!$1:$1, 0)), "<="&EOMONTH($B$1,0), INDEX('Soruce file '!$A:$Z, 0, MATCH("GA*", 'Soruce file '!$1:$1, 0)), $A57), 0) -> 0 | D57: =IFERROR(SUMIFS(INDEX('Soruce file '!$A:$Z, 0, MATCH("Yawning", 'Soruce file '!$1:$1, 0)), INDEX('Soruce file '!$A:$Z, 0, MATCH("Date", 'Soruce file '!$1:$1, 0)), ">="&$B$1, INDEX('Soruce file '!$A:$Z, 0, MATCH("Date", 'Soruce file '!$1:$1, 0)), "<="&EOMONTH($B$1,0), INDEX('Soruce file '!$A:$Z, 0, MATCH("GA*", 'Soruce file '!$1:$1, 0)), $A57), 0) -> 1 | E57: =IFERROR(SUMIFS(INDEX('Soruce file '!$A:$Z, 0, MATCH("Fatigue", 'Soruce file '!$1:$1, 0)), INDEX('Soruce file '!$A:$Z, 0, MATCH("Date", 'Soruce file '!$1:$1, 0)), $B$1, INDEX('Soruce file '!$A:$Z, 0, MATCH("GA*", 'Soruce file '!$1:$1, 0)), $A57), 0) -> 0 | F57: =IFERROR(SUMIFS(INDEX('Soruce file '!$A:$Z, 0, MATCH("Harsh Braking", 'Soruce file '!$1:$1, 0)), INDEX('Soruce file '!$A:$Z, 0, MATCH("Date", 'Soruce file '!$1:$1, 0)), ">="&$B$1, INDEX('Soruce file '!$A:$Z, 0, MATCH("Date", 'Soruce file '!$1:$1, 0)), "<="&EOMONTH($B$1,0), INDEX('Soruce file '!$A:$Z, 0, MATCH("GA*", 'Soruce file '!$1:$1, 0)), $A57), 0) -> 0 | G57: =IFERROR(SUMIFS(INDEX('Soruce file '!$A:$Z, 0, MATCH("Overspeed", 'Soruce file '!$1:$1, 0)), INDEX('Soruce file '!$A:$Z, 0, MATCH("Date", 'Soruce file '!$1:$1, 0)), $B$1, INDEX('Soruce file '!$A:$Z, 0, MATCH("GA*", 'Soruce file '!$1:$1, 0)), $A57), 0) -> 0 | H57: =IFERROR(SUMIFS(INDEX('Soruce file '!$A:$Z, 0, MATCH("Sudden Acceleration", 'Soruce file '!$1:$1, 0)), INDEX('Soruce file '!$A:$Z, 0, MATCH("Date", 'Soruce file '!$1:$1, 0)), ">="&$B$1, INDEX('Soruce file '!$A:$Z, 0, MATCH("Date", 'Soruce file '!$1:$1, 0)), "<="&EOMONTH($B$1,0), INDEX('Soruce file '!$A:$Z, 0, MATCH("GA*", 'Soruce file '!$1:$1, 0)), $A57), 0) -> 0 | I57: =IFERROR(SUMIFS(INDEX('Soruce file '!$A:$Z, 0, MATCH("Camera Anomaly", 'Soruce file '!$1:$1, 0)), INDEX('Soruce file '!$A:$Z, 0, MATCH("Date", 'Soruce file '!$1:$1, 0)), ">="&$B$1, INDEX('Soruce file '!$A:$Z, 0, MATCH("Date", 'Soruce file '!$1:$1, 0)), "<="&EOMONTH($B$1,0), INDEX('Soruce file '!$A:$Z, 0, MATCH("GA*", 'Soruce file '!$1:$1, 0)), $A57), 0) -> 0 | J57: =IFERROR(SUMIFS(INDEX('Soruce file '!$A:$Z, 0, MATCH("CD", 'Soruce file '!$1:$1, 0)), INDEX('Soruce file '!$A:$Z, 0, MATCH("Date", 'Soruce file '!$1:$1, 0)), ">="&$B$1, INDEX('Soruce file '!$A:$Z, 0, MATCH("Date", 'Soruce file '!$1:$1, 0)), "<="&EOMONTH($B$1,0), INDEX('Soruce file '!$A:$Z, 0, MATCH("GA*", 'Soruce file '!$1:$1, 0)), $A57), 0) -> 0 | K57: =IFERROR(SUMIFS(INDEX('Soruce file '!$A:$Z, 0, MATCH("Night Driving", 'Soruce file '!$1:$1, 0)), INDEX('Soruce file '!$A:$Z, 0, MATCH("Date", 'Soruce file '!$1:$1, 0)), ">="&$B$1, INDEX('Soruce file '!$A:$Z, 0, MATCH("Date", 'Soruce file '!$1:$1, 0)), "<="&EOMONTH($B$1,0), INDEX('Soruce file '!$A:$Z, 0, MATCH("GA*", 'Soruce file '!$1:$1, 0)), $A57), 0) -> 0 | L57: =SUM(B57:K57) -> 1
A58: Kochi | B58: =IFERROR(SUMIFS(INDEX('Soruce file '!$A:$Z, 0, MATCH("Mobile Usage", 'Soruce file '!$1:$1, 0)), INDEX('Soruce file '!$A:$Z, 0, MATCH("Date", 'Soruce file '!$1:$1, 0)), ">="&$B$1, INDEX('Soruce file '!$A:$Z, 0, MATCH("Date", 'Soruce file '!$1:$1, 0)), "<="&EOMONTH($B$1,0), INDEX('Soruce file '!$A:$Z, 0, MATCH("GA*", 'Soruce file '!$1:$1, 0)), $A58), 0) -> 3 | C58: =IFERROR(SUMIFS(INDEX('Soruce file '!$A:$Z, 0, MATCH("No Seatbelt", 'Soruce file '!$1:$1, 0)), INDEX('Soruce file '!$A:$Z, 0, MATCH("Date", 'Soruce file '!$1:$1, 0)), ">="&$B$1, INDEX('Soruce file '!$A:$Z, 0, MATCH("Date", 'Soruce file '!$1:$1, 0)), "<="&EOMONTH($B$1,0), INDEX('Soruce file '!$A:$Z, 0, MATCH("GA*", 'Soruce file '!$1:$1, 0)), $A58), 0) -> 5 | D58: =IFERROR(SUMIFS(INDEX('Soruce file '!$A:$Z, 0, MATCH("Yawning", 'Soruce file '!$1:$1, 0)), INDEX('Soruce file '!$A:$Z, 0, MATCH("Date", 'Soruce file '!$1:$1, 0)), ">="&$B$1, INDEX('Soruce file '!$A:$Z, 0, MATCH("Date", 'Soruce file '!$1:$1, 0)), "<="&EOMONTH($B$1,0), INDEX('Soruce file '!$A:$Z, 0, MATCH("GA*", 'Soruce file '!$1:$1, 0)), $A58), 0) -> 0 | E58: =IFERROR(SUMIFS(INDEX('Soruce file '!$A:$Z, 0, MATCH("Fatigue", 'Soruce file '!$1:$1, 0)), INDEX('Soruce file '!$A:$Z, 0, MATCH("Date", 'Soruce file '!$1:$1, 0)), $B$1, INDEX('Soruce file '!$A:$Z, 0, MATCH("GA*", 'Soruce file '!$1:$1, 0)), $A58), 0) -> 0 | F58: =IFERROR(SUMIFS(INDEX('Soruce file '!$A:$Z, 0, MATCH("Harsh Braking", 'Soruce file '!$1:$1, 0)), INDEX('Soruce file '!$A:$Z, 0, MATCH("Date", 'Soruce file '!$1:$1, 0)), ">="&$B$1, INDEX('Soruce file '!$A:$Z, 0, MATCH("Date", 'Soruce file '!$1:$1, 0)), "<="&EOMONTH($B$1,0), INDEX('Soruce file '!$A:$Z, 0, MATCH("GA*", 'Soruce file '!$1:$1, 0)), $A58), 0) -> 0 | G58: =IFERROR(SUMIFS(INDEX('Soruce file '!$A:$Z, 0, MATCH("Overspeed", 'Soruce file '!$1:$1, 0)), INDEX('Soruce file '!$A:$Z, 0, MATCH("Date", 'Soruce file '!$1:$1, 0)), $B$1, INDEX('Soruce file '!$A:$Z, 0, MATCH("GA*", 'Soruce file '!$1:$1, 0)), $A58), 0) -> 0 | H58: =IFERROR(SUMIFS(INDEX('Soruce file '!$A:$Z, 0, MATCH("Sudden Acceleration", 'Soruce file '!$1:$1, 0)), INDEX('Soruce file '!$A:$Z, 0, MATCH("Date", 'Soruce file '!$1:$1, 0)), ">="&$B$1, INDEX('Soruce file '!$A:$Z, 0, MATCH("Date", 'Soruce file '!$1:$1, 0)), "<="&EOMONTH($B$1,0), INDEX('Soruce file '!$A:$Z, 0, MATCH("GA*", 'Soruce file '!$1:$1, 0)), $A58), 0) -> 0 | I58: =IFERROR(SUMIFS(INDEX('Soruce file '!$A:$Z, 0, MATCH("Camera Anomaly", 'Soruce file '!$1:$1, 0)), INDEX('Soruce file '!$A:$Z, 0, MATCH("Date", 'Soruce file '!$1:$1, 0)), ">="&$B$1, INDEX('Soruce file '!$A:$Z, 0, MATCH("Date", 'Soruce file '!$1:$1, 0)), "<="&EOMONTH($B$1,0), INDEX('Soruce file '!$A:$Z, 0, MATCH("GA*", 'Soruce file '!$1:$1, 0)), $A58), 0) -> 2 | J58: =IFERROR(SUMIFS(INDEX('Soruce file '!$A:$Z, 0, MATCH("CD", 'Soruce file '!$1:$1, 0)), INDEX('Soruce file '!$A:$Z, 0, MATCH("Date", 'Soruce file '!$1:$1, 0)), ">="&$B$1, INDEX('Soruce file '!$A:$Z, 0, MATCH("Date", 'Soruce file '!$1:$1, 0)), "<="&EOMONTH($B$1,0), INDEX('Soruce file '!$A:$Z, 0, MATCH("GA*", 'Soruce file '!$1:$1, 0)), $A58), 0) -> 0 | K58: =IFERROR(SUMIFS(INDEX('Soruce file '!$A:$Z, 0, MATCH("Night Driving", 'Soruce file '!$1:$1, 0)), INDEX('Soruce file '!$A:$Z, 0, MATCH("Date", 'Soruce file '!$1:$1, 0)), ">="&$B$1, INDEX('Soruce file '!$A:$Z, 0, MATCH("Date", 'Soruce file '!$1:$1, 0)), "<="&EOMONTH($B$1,0), INDEX('Soruce file '!$A:$Z, 0, MATCH("GA*", 'Soruce file '!$1:$1, 0)), $A58), 0) -> 0 | L58: =SUM(B58:K58) -> 10
A59: Total | B59: =SUM(B55:B58) -> 17 | C59: =SUM(C55:C58) -> 10 | D59: =SUM(D55:D58) -> 1 | E59: =SUM(E55:E58) -> 0 | F59: =SUM(F55:F58) -> 0 | G59: =SUM(G55:G58) -> 0 | H59: =SUM(H55:H58) -> 0 | I59: =SUM(I55:I58) -> 8 | ... K59: =SUM(K55:K58) -> 0 | L59: =SUM(B59:K59) -> 36

Sheet Soruce file 
A1: S.no | B1: Date | C1: Transporter | D1: Vehicle No | E1: VehicleType | F1: Driver Name | G1: Driver ID | H1: GA | I1: Overspeed | J1: Mobile Usage | K1: Fatigue | L1: No Seatbelt | M1: Camera Anomaly | N1: Yawning | O1: total
A2: 3 | B2: 46082 | C2: Rahul Roadlines | D2: RJ19GH6331 | E2: HCV | F2: Magna Ram | G2: AGP/CNG/BJJ/175 | H2: BJJ | I2: 1 | J2: 0 | K2: 0 | L2: 0 | M2: 0 | N2: 0 | O2: =SUM(Soruce_file_2[[#This Row],[Overspeed]:[Yawning]]) -> 1
A3: 7 | B3: 46082 | C3: Anisha Logistics | D3: MP04GB5752 | E3: HCV | F3: Rakesh Ahirwar | G3: TG/CNG/Bhopal/069 | H3: Bhopal | I3: 0 | J3: 1 | K3: 0 | L3: 0 | M3: 0 | N3: 0 | O3: =SUM(Soruce_file_2[[#This Row],[Overspeed]:[Yawning]]) -> 1
A4: 8 | B4: 46082 | C4: Rahul Roadlines | D4: KA01AM6978 | E4: LNG | F4: Jai Prakash Tiwari | G4: AGP/LNG/249 | H4: Ennore | I4: 0 | J4: 1 | K4: 0 | L4: 0 | M4: 0 | N4: 0 | O4: =SUM(Soruce_file_2[[#This Row],[Overspeed]:[Yawning]]) -> 1
A5: 15 | B5: 46082 | C5: Oraya Gas India Pvt.Ltd. | D5: GJ39TA2576 | E5: LNG | F5: Pradeep Kumar Singh | G5: AGP/LNG/588 | H5: Dahej | I5: 0 | J5: 1 | K5: 0 | L5: 0 | M5: 0 | N5: 0 | O5: =SUM(Soruce_file_2[[#This Row],[Overspeed]:[Yawning]]) -> 1
A6: 19 | B6: 46082 | C6: Anmol Transport | D6: PB11DK2234 | E6: HCV | F6: lovepreet singh | G6: TG/CNG/Ludhiana/093 | H6: Jalandhar | I6: 0 | J6: 1 | K6: 0 | L6: 0 | M6: 0 | N6: 0 | O6: =SUM(Soruce_file_2[[#This Row],[Overspeed]:[Yawning]]) -> 1
A7: 27 | B7: 46083 | C7: Expo Trans India Limited | D7: KA01AM6186 | E7: HCV | F7: PREMCHAND B N | G7: AGP/CNG/KOL/029 | H7: Kolar | I7: 1 | J7: 0 | K7: 0 | L7: 0 | M7: 0 | N7: 0 | O7: =SUM(Soruce_file_2[[#This Row],[Overspeed]:[Yawning]]) -> 1
A8: 29 | B8: 46083 | C8: Rahul Roadlines | D8: RJ19GH6331 | E8: HCV | F8: Magna Ram | G8: AGP/CNG/BJJ/175 | H8: BJJ | I8: 1 | J8: 0 | K8: 0 | L8: 0 | M8: 0 | N8: 0 | O8: =SUM(Soruce_file_2[[#This Row],[Overspeed]:[Yawning]]) -> 1
A9: 30 | B9: 46083 | C9: Sritransways Logistics | D9: KL41V5639 | E9: HCV | F9: ANEESH P J | G9: AGP/CNG/AKT/059 | H9: AKT | I9: 0 | J9: 1 | K9: 0 | L9: 0 | M9: 0 | N9: 0 | O9: =SUM(Soruce_file_2[[#This Row],[Overspeed]:[Yawning]]) -> 1
A10: 35 | B10: 46083 | C10: Kongunadu Roadlines | D10: KA01AM5032 | E10: LNG | F10: ANOOP M.U | G10: AGP/LNG/555 | H10: Kochi | I10: 0 | J10: 0 | K10: 0 | L10: 0 | M10: 1 | N10: 0 | O10: =SUM(Soruce_file_2[[#This Row],[Overspeed]:[Yawning]]) -> 1
A11: 39 | B11: 46083 | C11: Kongunadu Roadlines | D11: TN88H6575 | E11: LNG | F11: AJAY KUMAR | G11: AGP/LNG/581 | H11: Kochi | I11: 0 | J11: 0 | K11: 0 | L11: 1 | M11: 0 | N11: 0 | O11: =SUM(Soruce_file_2[[#This Row],[Overspeed]:[Yawning]]) -> 1
A12: 43 | B12: 46083 | C12: Kongunadu Roadlines | D12: NL01AF1650 | E12: LNG | F12: MOHAMMAD ASIF | G12: AGP/LNG/583 | H12: Dahej | I12: 0 | J12: 1 | K12: 0 | L12: 0 | M12: 0 | N12: 0 | O12: =SUM(Soruce_file_2[[#This Row],[Overspeed]:[Yawning]]) -> 1
A13: 45 | B13: 46083 | C13: Kongunadu Roadlines | D13: KL09AV4329 | E13: HCV | F13: Sujit | G13: ID not created | H13: AKT | I13: 0 | J13: 1 | K13: 0 | L13: 0 | M13: 0 | N13: 0 | O13: =SUM(Soruce_file_2[[#This Row],[Overspeed]:[Yawning]]) -> 1
... A160: 535 | B160: 46099 | C160: Anisha Logistics | D160: GJ27TT8255 | E160: HCV | F160: PHUSA RAM | G160: AGP/CNG/BJJ/121 | H160: BJJ | I160: 1 | J160: 0 | K160: 0 | L160: 0 | M160: 0 | N160: 0 | O160: =SUM(Soruce_file_2[[#This Row],[Overspeed]:[Yawning]]) -> 1
O161: =SUBTOTAL(109,Soruce_file_2[total]) -> 159
K169: 5
K170: 8
K171: 5
K172: 7
K173: 11
K174: 10
K175: 6
K176: 5
K177: 6
K178: 12
K179: 16
K180: 15
... K186: 9

Sheet Vehicles List new
A1: VehicleNumber | B1: VehicleType | C1: Transporter Name | D1: GALocation
A2: KA01AL4119 | B2: LNG | C2: Kongunadu Roadlines | D2: Dahej
A3: KA01AL3719 | B3: LNG | C3: Kongunadu Roadlines | D3: Dahej
A4: TN87B6394 | B4: LNG | C4: Kongunadu Roadlines | D4: Ennore
A5: TN87B6483 | B5: LNG | C5: Kongunadu Roadlines | D5: Ennore
A6: TN87B7069 | B6: LNG | C6: Kongunadu Roadlines | D6: Ennore
A7: KA01AL6761 | B7: LNG | C7: Kongunadu Roadlines | D7: Dahej
A8: KA01AL7519 | B8: LNG | C8: Kongunadu Roadlines | D8: Ennore
A9: KA01AL9139 | B9: LNG | C9: Kongunadu Roadlines | D9: Ennore
A10: TN88H6575 | B10: LNG | C10: Kongunadu Roadlines | D10: Kochi
A11: TN88H6508 | B11: LNG | C11: Kongunadu Roadlines | D11: Kochi
A12: NL01AE4803 | B12: LNG | C12: Kongunadu Roadlines | D12: Ennore
... A456: NL01AK5776 | B456: LNG | C456: Oraya Gas India Pvt.Ltd. | D456: Ennore
